accession,start,end,extended_start,extended_end,sequence,siRNA,Activ
M60857,195,213,176,232,GTCTCTTCGGAAAGACTGTTCCAAAAACAGTGGATAATTTTGTGGCCTTAGCTACAG,AUUAUCCACUGUUUUUGGA,24.7
M60857,197,215,178,234,CTCTTCGGAAAGACTGTTCCAAAAACAGTGGATAATTTTGTGGCCTTAGCTACAGGA,AAAUUAUCCACUGUUUUUG,9.8
M60857,199,217,180,236,CTTCGGAAAGACTGTTCCAAAAACAGTGGATAATTTTGTGGCCTTAGCTACAGGAGA,CAAAAUUAUCCACUGUUUU,50.5
M60857,201,219,182,238,TCGGAAAGACTGTTCCAAAAACAGTGGATAATTTTGTGGCCTTAGCTACAGGAGAGA,CACAAAAUUAUCCACUGUU,83.7
M60857,203,221,184,240,GGAAAGACTGTTCCAAAAACAGTGGATAATTTTGTGGCCTTAGCTACAGGAGAGAAA,GCCACAAAAUUAUCCACUG,60.3
M60857,205,223,186,242,AAAGACTGTTCCAAAAACAGTGGATAATTTTGTGGCCTTAGCTACAGGAGAGAAAGG,AGGCCACAAAAUUAUCCAC,45.0
M60857,207,225,188,244,AGACTGTTCCAAAAACAGTGGATAATTTTGTGGCCTTAGCTACAGGAGAGAAAGGAT,UAAGGCCACAAAAUUAUCC,16.1
M60857,209,227,190,246,ACTGTTCCAAAAACAGTGGATAATTTTGTGGCCTTAGCTACAGGAGAGAAAGGATTT,GCUAAGGCCACAAAAUUAU,67.2
M60857,211,229,192,248,TGTTCCAAAAACAGTGGATAATTTTGTGGCCTTAGCTACAGGAGAGAAAGGATTTGG,UAGCUAAGGCCACAAAAUU,18.7
M60857,213,231,194,250,TTCCAAAAACAGTGGATAATTTTGTGGCCTTAGCTACAGGAGAGAAAGGATTTGGCT,UGUAGCUAAGGCCACAAAA,48.0
M60857,215,233,196,252,CCAAAAACAGTGGATAATTTTGTGGCCTTAGCTACAGGAGAGAAAGGATTTGGCTAC,CCUGUAGCUAAGGCCACAA,84.0
M60857,217,235,198,254,AAAAACAGTGGATAATTTTGTGGCCTTAGCTACAGGAGAGAAAGGATTTGGCTACAA,CUCCUGUAGCUAAGGCCAC,39.7
M60857,219,237,200,256,AAACAGTGGATAATTTTGTGGCCTTAGCTACAGGAGAGAAAGGATTTGGCTACAAAA,CUCUCCUGUAGCUAAGGCC,5.4
M60857,221,239,202,258,ACAGTGGATAATTTTGTGGCCTTAGCTACAGGAGAGAAAGGATTTGGCTACAAAAAC,UUCUCUCCUGUAGCUAAGG,22.8
M60857,223,241,204,260,AGTGGATAATTTTGTGGCCTTAGCTACAGGAGAGAAAGGATTTGGCTACAAAAACAG,CUUUCUCUCCUGUAGCUAA,69.3
M60857,225,243,206,262,TGGATAATTTTGTGGCCTTAGCTACAGGAGAGAAAGGATTTGGCTACAAAAACAGCA,UCCUUUCUCUCCUGUAGCU,24.2
M60857,227,245,208,264,GATAATTTTGTGGCCTTAGCTACAGGAGAGAAAGGATTTGGCTACAAAAACAGCAAA,AAUCCUUUCUCUCCUGUAG,6.1
M60857,229,247,210,266,TAATTTTGTGGCCTTAGCTACAGGAGAGAAAGGATTTGGCTACAAAAACAGCAAATT,CAAAUCCUUUCUCUCCUGU,15.1
M60857,231,249,212,268,ATTTTGTGGCCTTAGCTACAGGAGAGAAAGGATTTGGCTACAAAAACAGCAAATTCC,GCCAAAUCCUUUCUCUCCU,11.6
M60857,233,251,214,270,TTTGTGGCCTTAGCTACAGGAGAGAAAGGATTTGGCTACAAAAACAGCAAATTCCAT,UAGCCAAAUCCUUUCUCUC,6.6
M60857,235,253,216,272,TGTGGCCTTAGCTACAGGAGAGAAAGGATTTGGCTACAAAAACAGCAAATTCCATCG,UGUAGCCAAAUCCUUUCUC,7.7
M60857,237,255,218,274,TGGCCTTAGCTACAGGAGAGAAAGGATTTGGCTACAAAAACAGCAAATTCCATCGTG,UUUGUAGCCAAAUCCUUUC,5.8
M60857,239,257,220,276,GCCTTAGCTACAGGAGAGAAAGGATTTGGCTACAAAAACAGCAAATTCCATCGTGTA,UUUUUGUAGCCAAAUCCUU,18.1
M60857,241,259,222,278,CTTAGCTACAGGAGAGAAAGGATTTGGCTACAAAAACAGCAAATTCCATCGTGTAAT,UGUUUUUGUAGCCAAAUCC,16.5
M60857,243,261,224,280,TAGCTACAGGAGAGAAAGGATTTGGCTACAAAAACAGCAAATTCCATCGTGTAATCA,GCUGUUUUUGUAGCCAAAU,86.2
M60857,245,263,226,282,GCTACAGGAGAGAAAGGATTTGGCTACAAAAACAGCAAATTCCATCGTGTAATCAAG,UUGCUGUUUUUGUAGCCAA,32.0
M60857,247,265,228,284,TACAGGAGAGAAAGGATTTGGCTACAAAAACAGCAAATTCCATCGTGTAATCAAGGA,AUUUGCUGUUUUUGUAGCC,22.6
M60857,249,267,230,286,CAGGAGAGAAAGGATTTGGCTACAAAAACAGCAAATTCCATCGTGTAATCAAGGACT,GAAUUUGCUGUUUUUGUAG,28.8
M60857,251,269,232,288,GGAGAGAAAGGATTTGGCTACAAAAACAGCAAATTCCATCGTGTAATCAAGGACTTC,UGGAAUUUGCUGUUUUUGU,21.5
M60857,253,271,234,290,AGAGAAAGGATTTGGCTACAAAAACAGCAAATTCCATCGTGTAATCAAGGACTTCAT,GAUGGAAUUUGCUGUUUUU,92.4
M60857,255,273,236,292,AGAAAGGATTTGGCTACAAAAACAGCAAATTCCATCGTGTAATCAAGGACTTCATGA,ACGAUGGAAUUUGCUGUUU,92.7
M60857,257,275,238,294,AAAGGATTTGGCTACAAAAACAGCAAATTCCATCGTGTAATCAAGGACTTCATGATC,ACACGAUGGAAUUUGCUGU,8.1
M60857,259,277,240,296,AGGATTTGGCTACAAAAACAGCAAATTCCATCGTGTAATCAAGGACTTCATGATCCA,UUACACGAUGGAAUUUGCU,13.6
M60857,261,279,242,298,GATTTGGCTACAAAAACAGCAAATTCCATCGTGTAATCAAGGACTTCATGATCCAGG,GAUUACACGAUGGAAUUUG,7.7
M60857,263,281,244,300,TTTGGCTACAAAAACAGCAAATTCCATCGTGTAATCAAGGACTTCATGATCCAGGGC,UUGAUUACACGAUGGAAUU,12.6
M60857,265,283,246,302,TGGCTACAAAAACAGCAAATTCCATCGTGTAATCAAGGACTTCATGATCCAGGGCGG,CCUUGAUUACACGAUGGAA,54.1
M60857,267,285,248,304,GCTACAAAAACAGCAAATTCCATCGTGTAATCAAGGACTTCATGATCCAGGGCGGAG,GUCCUUGAUUACACGAUGG,12.6
M60857,269,287,250,306,TACAAAAACAGCAAATTCCATCGTGTAATCAAGGACTTCATGATCCAGGGCGGAGAC,AAGUCCUUGAUUACACGAU,13.3
M60857,271,289,252,308,CAAAAACAGCAAATTCCATCGTGTAATCAAGGACTTCATGATCCAGGGCGGAGACTT,UGAAGUCCUUGAUUACACG,11.2
M60857,273,291,254,310,AAAACAGCAAATTCCATCGTGTAATCAAGGACTTCATGATCCAGGGCGGAGACTTCA,CAUGAAGUCCUUGAUUACA,36.1
M60857,275,293,256,312,AACAGCAAATTCCATCGTGTAATCAAGGACTTCATGATCCAGGGCGGAGACTTCACC,AUCAUGAAGUCCUUGAUUA,12.1
M60857,277,295,258,314,CAGCAAATTCCATCGTGTAATCAAGGACTTCATGATCCAGGGCGGAGACTTCACCAG,GGAUCAUGAAGUCCUUGAU,33.6
M60857,279,297,260,316,GCAAATTCCATCGTGTAATCAAGGACTTCATGATCCAGGGCGGAGACTTCACCAGGG,CUGGAUCAUGAAGUCCUUG,25.6
M60857,281,299,262,318,AAATTCCATCGTGTAATCAAGGACTTCATGATCCAGGGCGGAGACTTCACCAGGGGA,CCCUGGAUCAUGAAGUCCU,17.1
M60857,283,301,264,320,ATTCCATCGTGTAATCAAGGACTTCATGATCCAGGGCGGAGACTTCACCAGGGGAGA,CGCCCUGGAUCAUGAAGUC,48.8
M60857,285,303,266,322,TCCATCGTGTAATCAAGGACTTCATGATCCAGGGCGGAGACTTCACCAGGGGAGATG,UCCGCCCUGGAUCAUGAAG,11.3
M60857,287,305,268,324,CATCGTGTAATCAAGGACTTCATGATCCAGGGCGGAGACTTCACCAGGGGAGATGGC,UCUCCGCCCUGGAUCAUGA,7.2
M60857,289,307,270,326,TCGTGTAATCAAGGACTTCATGATCCAGGGCGGAGACTTCACCAGGGGAGATGGCAC,AGUCUCCGCCCUGGAUCAU,51.5
M60857,291,309,272,328,GTGTAATCAAGGACTTCATGATCCAGGGCGGAGACTTCACCAGGGGAGATGGCACAG,GAAGUCUCCGCCCUGGAUC,7.3
M60857,293,311,274,330,GTAATCAAGGACTTCATGATCCAGGGCGGAGACTTCACCAGGGGAGATGGCACAGGA,GUGAAGUCUCCGCCCUGGA,58.2
M60857,295,313,276,332,AATCAAGGACTTCATGATCCAGGGCGGAGACTTCACCAGGGGAGATGGCACAGGAGG,UGGUGAAGUCUCCGCCCUG,53.2
M60857,297,315,278,334,TCAAGGACTTCATGATCCAGGGCGGAGACTTCACCAGGGGAGATGGCACAGGAGGAA,CCUGGUGAAGUCUCCGCCC,11.0
M60857,299,317,280,336,AAGGACTTCATGATCCAGGGCGGAGACTTCACCAGGGGAGATGGCACAGGAGGAAAG,CCCCUGGUGAAGUCUCCGC,23.4
M60857,301,319,282,338,GGACTTCATGATCCAGGGCGGAGACTTCACCAGGGGAGATGGCACAGGAGGAAAGAG,CUCCCCUGGUGAAGUCUCC,19.1
M60857,303,321,284,340,ACTTCATGATCCAGGGCGGAGACTTCACCAGGGGAGATGGCACAGGAGGAAAGAGCA,AUCUCCCCUGGUGAAGUCU,12.4
M60857,305,323,286,342,TTCATGATCCAGGGCGGAGACTTCACCAGGGGAGATGGCACAGGAGGAAAGAGCATC,CCAUCUCCCCUGGUGAAGU,58.1
M60857,307,325,288,344,CATGATCCAGGGCGGAGACTTCACCAGGGGAGATGGCACAGGAGGAAAGAGCATCTA,UGCCAUCUCCCCUGGUGAA,82.4
M60857,309,327,290,346,TGATCCAGGGCGGAGACTTCACCAGGGGAGATGGCACAGGAGGAAAGAGCATCTACG,UGUGCCAUCUCCCCUGGUG,26.2
M60857,311,329,292,348,ATCCAGGGCGGAGACTTCACCAGGGGAGATGGCACAGGAGGAAAGAGCATCTACGGT,CCUGUGCCAUCUCCCCUGG,78.6
M60857,313,331,294,350,CCAGGGCGGAGACTTCACCAGGGGAGATGGCACAGGAGGAAAGAGCATCTACGGTGA,CUCCUGUGCCAUCUCCCCU,23.9
M60857,315,333,296,352,AGGGCGGAGACTTCACCAGGGGAGATGGCACAGGAGGAAAGAGCATCTACGGTGAGC,UCCUCCUGUGCCAUCUCCC,19.6
M60857,317,335,298,354,GGCGGAGACTTCACCAGGGGAGATGGCACAGGAGGAAAGAGCATCTACGGTGAGCGC,UUUCCUCCUGUGCCAUCUC,29.5
M60857,319,337,300,356,CGGAGACTTCACCAGGGGAGATGGCACAGGAGGAAAGAGCATCTACGGTGAGCGCTT,UCUUUCCUCCUGUGCCAUC,15.1
M60857,321,339,302,358,GAGACTTCACCAGGGGAGATGGCACAGGAGGAAAGAGCATCTACGGTGAGCGCTTCC,GCUCUUUCCUCCUGUGCCA,44.1
M60857,323,341,304,360,GACTTCACCAGGGGAGATGGCACAGGAGGAAAGAGCATCTACGGTGAGCGCTTCCCC,AUGCUCUUUCCUCCUGUGC,9.2
M60857,325,343,306,362,CTTCACCAGGGGAGATGGCACAGGAGGAAAGAGCATCTACGGTGAGCGCTTCCCCGA,AGAUGCUCUUUCCUCCUGU,25.5
M60857,327,345,308,364,TCACCAGGGGAGATGGCACAGGAGGAAAGAGCATCTACGGTGAGCGCTTCCCCGATG,GUAGAUGCUCUUUCCUCCU,41.1
M60857,329,347,310,366,ACCAGGGGAGATGGCACAGGAGGAAAGAGCATCTACGGTGAGCGCTTCCCCGATGAG,CCGUAGAUGCUCUUUCCUC,41.6
M60857,331,349,312,368,CAGGGGAGATGGCACAGGAGGAAAGAGCATCTACGGTGAGCGCTTCCCCGATGAGAA,CACCGUAGAUGCUCUUUCC,6.7
M60857,333,351,314,370,GGGGAGATGGCACAGGAGGAAAGAGCATCTACGGTGAGCGCTTCCCCGATGAGAACT,CUCACCGUAGAUGCUCUUU,49.3
M60857,335,353,316,372,GGAGATGGCACAGGAGGAAAGAGCATCTACGGTGAGCGCTTCCCCGATGAGAACTTC,CGCUCACCGUAGAUGCUCU,28.3
M60857,337,355,318,374,AGATGGCACAGGAGGAAAGAGCATCTACGGTGAGCGCTTCCCCGATGAGAACTTCAA,AGCGCUCACCGUAGAUGCU,35.9
M60857,339,357,320,376,ATGGCACAGGAGGAAAGAGCATCTACGGTGAGCGCTTCCCCGATGAGAACTTCAAAC,GAAGCGCUCACCGUAGAUG,11.0
M60857,341,359,322,378,GGCACAGGAGGAAAGAGCATCTACGGTGAGCGCTTCCCCGATGAGAACTTCAAACTG,GGGAAGCGCUCACCGUAGA,97.2
M60857,343,361,324,380,CACAGGAGGAAAGAGCATCTACGGTGAGCGCTTCCCCGATGAGAACTTCAAACTGAA,CGGGGAAGCGCUCACCGUA,109.9
M60857,345,363,326,382,CAGGAGGAAAGAGCATCTACGGTGAGCGCTTCCCCGATGAGAACTTCAAACTGAAGC,AUCGGGGAAGCGCUCACCG,19.8
M60857,347,365,328,384,GGAGGAAAGAGCATCTACGGTGAGCGCTTCCCCGATGAGAACTTCAAACTGAAGCAC,UCAUCGGGGAAGCGCUCAC,16.1
M60857,349,367,330,386,AGGAAAGAGCATCTACGGTGAGCGCTTCCCCGATGAGAACTTCAAACTGAAGCACTA,UCUCAUCGGGGAAGCGCUC,13.5
M60857,351,369,332,388,GAAAGAGCATCTACGGTGAGCGCTTCCCCGATGAGAACTTCAAACTGAAGCACTACG,GUUCUCAUCGGGGAAGCGC,7.3
M60857,353,371,334,390,AAGAGCATCTACGGTGAGCGCTTCCCCGATGAGAACTTCAAACTGAAGCACTACGGG,AAGUUCUCAUCGGGGAAGC,32.2
M60857,355,373,336,392,GAGCATCTACGGTGAGCGCTTCCCCGATGAGAACTTCAAACTGAAGCACTACGGGCC,UGAAGUUCUCAUCGGGGAA,16.2
M60857,357,375,338,394,GCATCTACGGTGAGCGCTTCCCCGATGAGAACTTCAAACTGAAGCACTACGGGCCTG,UUUGAAGUUCUCAUCGGGG,15.3
M60857,359,377,340,396,ATCTACGGTGAGCGCTTCCCCGATGAGAACTTCAAACTGAAGCACTACGGGCCTGGC,AGUUUGAAGUUCUCAUCGG,14.9
M60857,361,379,342,398,CTACGGTGAGCGCTTCCCCGATGAGAACTTCAAACTGAAGCACTACGGGCCTGGCTG,UCAGUUUGAAGUUCUCAUC,10.3
M60857,363,381,344,400,ACGGTGAGCGCTTCCCCGATGAGAACTTCAAACTGAAGCACTACGGGCCTGGCTGGG,CUUCAGUUUGAAGUUCUCA,58.3
M60857,365,383,346,402,GGTGAGCGCTTCCCCGATGAGAACTTCAAACTGAAGCACTACGGGCCTGGCTGGGTC,UGCUUCAGUUUGAAGUUCU,54.6
M60857,367,385,348,404,TGAGCGCTTCCCCGATGAGAACTTCAAACTGAAGCACTACGGGCCTGGCTGGGTCAG,AGUGCUUCAGUUUGAAGUU,30.8
M60857,369,387,350,406,AGCGCTTCCCCGATGAGAACTTCAAACTGAAGCACTACGGGCCTGGCTGGGTCAGCA,GUAGUGCUUCAGUUUGAAG,26.9
M60857,371,389,352,408,CGCTTCCCCGATGAGAACTTCAAACTGAAGCACTACGGGCCTGGCTGGGTCAGCATG,CCGUAGUGCUUCAGUUUGA,81.9
U47298,1612,1630,1593,1649,GAAGTCTCTGATTAAGTACAAAGGCTATCAGGTGGCTCCCGCTGAATTGGAATCCAT,UCUUGGCCUUUAUGAGGAU,112.8
U47298,1610,1628,1591,1647,CTGAAGTCTCTGATTAAGTACAAAGGCTATCAGGTGGCTCCCGCTGAATTGGAATCC,UUGGCCUUUAUGAGGAUCU,21.8
U47298,1608,1626,1589,1645,GCCTGAAGTCTCTGATTAAGTACAAAGGCTATCAGGTGGCTCCCGCTGAATTGGAAT,GGCCUUUAUGAGGAUCUCU,61.3
U47298,1606,1624,1587,1643,CCGCCTGAAGTCTCTGATTAAGTACAAAGGCTATCAGGTGGCTCCCGCTGAATTGGA,CCUUUAUGAGGAUCUCUCU,7.4
U47298,1604,1622,1585,1641,GACCGCCTGAAGTCTCTGATTAAGTACAAAGGCTATCAGGTGGCTCCCGCTGAATTG,UUUAUGAGGAUCUCUCUGA,4.4
U47298,1602,1620,1583,1639,TTGACCGCCTGAAGTCTCTGATTAAGTACAAAGGCTATCAGGTGGCTCCCGCTGAAT,UAUGAGGAUCUCUCUGAUU,8.3
U47298,1600,1618,1581,1637,CGTTGACCGCCTGAAGTCTCTGATTAAGTACAAAGGCTATCAGGTGGCTCCCGCTGA,UGAGGAUCUCUCUGAUUUU,11.6
U47298,1598,1616,1579,1635,ATCGTTGACCGCCTGAAGTCTCTGATTAAGTACAAAGGCTATCAGGTGGCTCCCGCT,AGGAUCUCUCUGAUUUUUC,13.2
U47298,1596,1614,1577,1633,TCATCGTTGACCGCCTGAAGTCTCTGATTAAGTACAAAGGCTATCAGGTGGCTCCCG,GAUCUCUCUGAUUUUUCUU,31.9
U47298,1594,1612,1575,1631,CTTCATCGTTGACCGCCTGAAGTCTCTGATTAAGTACAAAGGCTATCAGGTGGCTCC,UCUCUCUGAUUUUUCUUGC,4.9
U47298,1592,1610,1573,1629,TTCTTCATCGTTGACCGCCTGAAGTCTCTGATTAAGTACAAAGGCTATCAGGTGGCT,UCUCUGAUUUUUCUUGCGU,12.4
U47298,1590,1608,1571,1627,ACTTCTTCATCGTTGACCGCCTGAAGTCTCTGATTAAGTACAAAGGCTATCAGGTGG,UCUGAUUUUUCUUGCGUCG,4.1
U47298,1588,1606,1569,1625,ACACTTCTTCATCGTTGACCGCCTGAAGTCTCTGATTAAGTACAAAGGCTATCAGGT,UGAUUUUUCUUGCGUCGAG,9.03
U47298,1586,1604,1567,1623,GAACACTTCTTCATCGTTGACCGCCTGAAGTCTCTGATTAAGTACAAAGGCTATCAG,AUUUUUCUUGCGUCGAGUU,9.8
U47298,1584,1602,1565,1621,ACGAACACTTCTTCATCGTTGACCGCCTGAAGTCTCTGATTAAGTACAAAGGCTATC,UUUUCUUGCGUCGAGUUUU,5.4
U47298,1582,1600,1563,1619,AGACGAACACTTCTTCATCGTTGACCGCCTGAAGTCTCTGATTAAGTACAAAGGCTA,UUCUUGCGUCGAGUUUUCC,7.3
U47298,1580,1598,1561,1617,GAAGACGAACACTTCTTCATCGTTGACCGCCTGAAGTCTCTGATTAAGTACAAAGGC,CUUGCGUCGAGUUUUCCGG,5.1
U47298,1578,1596,1559,1615,ACGAAGACGAACACTTCTTCATCGTTGACCGCCTGAAGTCTCTGATTAAGTACAAAG,UGCGUCGAGUUUUCCGGUA,4.1
U47298,1576,1594,1557,1613,GGACGAAGACGAACACTTCTTCATCGTTGACCGCCTGAAGTCTCTGATTAAGTACAA,CGUCGAGUUUUCCGGUAAG,5.7
U47298,1574,1592,1555,1611,TGGGACGAAGACGAACACTTCTTCATCGTTGACCGCCTGAAGTCTCTGATTAAGTAC,UCGAGUUUUCCGGUAAGAC,39.0
U47298,1572,1590,1553,1609,ACTGGGACGAAGACGAACACTTCTTCATCGTTGACCGCCTGAAGTCTCTGATTAAGT,GAGUUUUCCGGUAAGACCU,9.9
U47298,1570,1588,1551,1607,TTACTGGGACGAAGACGAACACTTCTTCATCGTTGACCGCCTGAAGTCTCTGATTAA,GUUUUCCGGUAAGACCUUU,28.9
U47298,1568,1586,1549,1605,GCTTACTGGGACGAAGACGAACACTTCTTCATCGTTGACCGCCTGAAGTCTCTGATT,UUUCCGGUAAGACCUUUCG,5.0
U47298,1566,1584,1547,1603,TAGCTTACTGGGACGAAGACGAACACTTCTTCATCGTTGACCGCCTGAAGTCTCTGA,UCCGGUAAGACCUUUCGGU,5.3
U47298,1564,1582,1545,1601,CATAGCTTACTGGGACGAAGACGAACACTTCTTCATCGTTGACCGCCTGAAGTCTCT,CGGUAAGACCUUUCGGUAC,19.6
U47298,1562,1580,1543,1599,GACATAGCTTACTGGGACGAAGACGAACACTTCTTCATCGTTGACCGCCTGAAGTCT,GUAAGACCUUUCGGUACUU,35.7
U47298,1560,1578,1541,1597,GAGACATAGCTTACTGGGACGAAGACGAACACTTCTTCATCGTTGACCGCCTGAAGT,AAGACCUUUCGGUACUUCG,6.9
U47298,1558,1576,1539,1595,TGGAGACATAGCTTACTGGGACGAAGACGAACACTTCTTCATCGTTGACCGCCTGAA,GACCUUUCGGUACUUCGUC,10.3
U47298,1556,1574,1537,1593,TCTGGAGACATAGCTTACTGGGACGAAGACGAACACTTCTTCATCGTTGACCGCCTG,CCUUUCGGUACUUCGUCCA,29.7
U47298,1554,1572,1535,1591,ATTCTGGAGACATAGCTTACTGGGACGAAGACGAACACTTCTTCATCGTTGACCGCC,UUUCGGUACUUCGUCCACA,22.2
U47298,1552,1570,1533,1589,ACATTCTGGAGACATAGCTTACTGGGACGAAGACGAACACTTCTTCATCGTTGACCG,UCGGUACUUCGUCCACAAA,118.0
U47298,1550,1568,1531,1587,CTACATTCTGGAGACATAGCTTACTGGGACGAAGACGAACACTTCTTCATCGTTGAC,GGUACUUCGUCCACAAACA,64.1
U47298,1548,1566,1529,1585,GGCTACATTCTGGAGACATAGCTTACTGGGACGAAGACGAACACTTCTTCATCGTTG,UACUUCGUCCACAAACACA,9.2
U47298,1546,1564,1527,1583,ATGGCTACATTCTGGAGACATAGCTTACTGGGACGAAGACGAACACTTCTTCATCGT,CUUCGUCCACAAACACAAC,9.9
U47298,1544,1562,1525,1581,GGATGGCTACATTCTGGAGACATAGCTTACTGGGACGAAGACGAACACTTCTTCATC,UCGUCCACAAACACAACUC,4.7
U47298,1542,1560,1523,1579,ATGGATGGCTACATTCTGGAGACATAGCTTACTGGGACGAAGACGAACACTTCTTCA,GUCCACAAACACAACUCCU,12.5
U47298,1540,1558,1521,1577,GGATGGATGGCTACATTCTGGAGACATAGCTTACTGGGACGAAGACGAACACTTCTT,CCACAAACACAACUCCUCC,6.8
U47298,1538,1556,1519,1575,AAGGATGGATGGCTACATTCTGGAGACATAGCTTACTGGGACGAAGACGAACACTTC,ACAAACACAACUCCUCCGC,7.7
U47298,1536,1554,1517,1573,ACAAGGATGGATGGCTACATTCTGGAGACATAGCTTACTGGGACGAAGACGAACACT,AAACACAACUCCUCCGCGC,13.2
U47298,1534,1552,1515,1571,TGACAAGGATGGATGGCTACATTCTGGAGACATAGCTTACTGGGACGAAGACGAACA,ACACAACUCCUCCGCGCAA,75.1
U47298,1532,1550,1513,1569,ATTGACAAGGATGGATGGCTACATTCTGGAGACATAGCTTACTGGGACGAAGACGAA,ACAACUCCUCCGCGCAACU,6.4
U47298,1530,1548,1511,1567,TGATTGACAAGGATGGATGGCTACATTCTGGAGACATAGCTTACTGGGACGAAGACG,AACUCCUCCGCGCAACUUU,4.5
U47298,1528,1546,1509,1565,CTTGATTGACAAGGATGGATGGCTACATTCTGGAGACATAGCTTACTGGGACGAAGA,CUCCUCCGCGCAACUUUUU,61.2
U47298,1526,1544,1507,1563,GCCTTGATTGACAAGGATGGATGGCTACATTCTGGAGACATAGCTTACTGGGACGAA,CCUCCGCGCAACUUUUUCG,21.4
U47298,1524,1542,1505,1561,ACGCCTTGATTGACAAGGATGGATGGCTACATTCTGGAGACATAGCTTACTGGGACG,UCCGCGCAACUUUUUCGCG,67.9
U47298,1522,1540,1503,1559,CAACGCCTTGATTGACAAGGATGGATGGCTACATTCTGGAGACATAGCTTACTGGGA,CGCGCAACUUUUUCGCGGU,70.1
U47298,1520,1538,1501,1557,ACCAACGCCTTGATTGACAAGGATGGATGGCTACATTCTGGAGACATAGCTTACTGG,CGCAACUUUUUCGCGGUUG,101.3
U47298,1518,1536,1499,1555,CGACCAACGCCTTGATTGACAAGGATGGATGGCTACATTCTGGAGACATAGCTTACT,CAACUUUUUCGCGGUUGUU,105.7
U47298,1516,1534,1497,1553,AGCGACCAACGCCTTGATTGACAAGGATGGATGGCTACATTCTGGAGACATAGCTTA,ACUUUUUCGCGGUUGUUAC,14.5
U47298,1514,1532,1495,1551,GAAGCGACCAACGCCTTGATTGACAAGGATGGATGGCTACATTCTGGAGACATAGCT,UUUUUCGCGGUUGUUACUU,23.4
U47298,1512,1530,1493,1549,CGGAAGCGACCAACGCCTTGATTGACAAGGATGGATGGCTACATTCTGGAGACATAG,UUUCGCGGUUGUUACUUGA,11.5
U47298,1510,1528,1491,1547,TCCGGAAGCGACCAACGCCTTGATTGACAAGGATGGATGGCTACATTCTGGAGACAT,UCGCGGUUGUUACUUGACU,11.5
U47298,1508,1526,1489,1545,AATCCGGAAGCGACCAACGCCTTGATTGACAAGGATGGATGGCTACATTCTGGAGAC,GCGGUUGUUACUUGACUGG,33.9
U47298,1506,1524,1487,1543,ACAATCCGGAAGCGACCAACGCCTTGATTGACAAGGATGGATGGCTACATTCTGGAG,GGUUGUUACUUGACUGGCG,20.5
U47298,1504,1522,1485,1541,AAACAATCCGGAAGCGACCAACGCCTTGATTGACAAGGATGGATGGCTACATTCTGG,UUGUUACUUGACUGGCGAC,55.1
U47298,1502,1520,1483,1539,GTAAACAATCCGGAAGCGACCAACGCCTTGATTGACAAGGATGGATGGCTACATTCT,GUUACUUGACUGGCGACGU,15.9
U47298,1500,1518,1481,1537,ATGTAAACAATCCGGAAGCGACCAACGCCTTGATTGACAAGGATGGATGGCTACATT,UACUUGACUGGCGACGUAA,7.1
U47298,1498,1516,1479,1535,TTATGTAAACAATCCGGAAGCGACCAACGCCTTGATTGACAAGGATGGATGGCTACA,CUUGACUGGCGACGUAAUC,4.0
U47298,1496,1514,1477,1533,GGTTATGTAAACAATCCGGAAGCGACCAACGCCTTGATTGACAAGGATGGATGGCTA,UGACUGGCGACGUAAUCCA,6.4
U47298,1494,1512,1475,1531,CCGGTTATGTAAACAATCCGGAAGCGACCAACGCCTTGATTGACAAGGATGGATGGC,ACUGGCGACGUAAUCCACG,12.9
U47298,1492,1510,1473,1529,GTCCGGTTATGTAAACAATCCGGAAGCGACCAACGCCTTGATTGACAAGGATGGATG,UGGCGACGUAAUCCACGAU,55.8
U47298,1490,1508,1471,1527,ATGTCCGGTTATGTAAACAATCCGGAAGCGACCAACGCCTTGATTGACAAGGATGGA,GCGACGUAAUCCACGAUCU,33.0
U47298,1488,1506,1469,1525,TTATGTCCGGTTATGTAAACAATCCGGAAGCGACCAACGCCTTGATTGACAAGGATG,GACGUAAUCCACGAUCUCU,17.2
U47298,1486,1504,1467,1523,GATTATGTCCGGTTATGTAAACAATCCGGAAGCGACCAACGCCTTGATTGACAAGGA,CGUAAUCCACGAUCUCUUU,52.6
U47298,1484,1502,1465,1521,ATGATTATGTCCGGTTATGTAAACAATCCGGAAGCGACCAACGCCTTGATTGACAAG,UAAUCCACGAUCUCUUUUU,8.8
U47298,1482,1500,1463,1519,CTATGATTATGTCCGGTTATGTAAACAATCCGGAAGCGACCAACGCCTTGATTGACA,AUCCACGAUCUCUUUUUCC,8.7
U47298,1480,1498,1461,1517,TCCTATGATTATGTCCGGTTATGTAAACAATCCGGAAGCGACCAACGCCTTGATTGA,CCACGAUCUCUUUUUCCGU,41.2
U47298,1478,1496,1459,1515,GGTCCTATGATTATGTCCGGTTATGTAAACAATCCGGAAGCGACCAACGCCTTGATT,ACGAUCUCUUUUUCCGUCA,11.2
U47298,1476,1494,1457,1513,GAGGTCCTATGATTATGTCCGGTTATGTAAACAATCCGGAAGCGACCAACGCCTTGA,GAUCUCUUUUUCCGUCAUC,52.4
U47298,1474,1492,1455,1511,GAGAGGTCCTATGATTATGTCCGGTTATGTAAACAATCCGGAAGCGACCAACGCCTT,UCUCUUUUUCCGUCAUCGU,19.3
U47298,1472,1490,1453,1509,GTGAGAGGTCCTATGATTATGTCCGGTTATGTAAACAATCCGGAAGCGACCAACGCC,UCUUUUUCCGUCAUCGUCU,6.9
U47298,1470,1488,1451,1507,GTGTGAGAGGTCCTATGATTATGTCCGGTTATGTAAACAATCCGGAAGCGACCAACG,UUUUUCCGUCAUCGUCUUU,26.1
U47298,1468,1486,1449,1505,GTGTGTGAGAGGTCCTATGATTATGTCCGGTTATGTAAACAATCCGGAAGCGACCAA,UUUCCGUCAUCGUCUUUCC,12.4
U47298,1466,1484,1447,1503,CTGTGTGTGAGAGGTCCTATGATTATGTCCGGTTATGTAAACAATCCGGAAGCGACC,UCCGUCAUCGUCUUUCCGU,26.2
U47298,1464,1482,1445,1501,AACTGTGTGTGAGAGGTCCTATGATTATGTCCGGTTATGTAAACAATCCGGAAGCGA,CGUCAUCGUCUUUCCGUGC,60.8
U47298,1462,1480,1443,1499,CGAACTGTGTGTGAGAGGTCCTATGATTATGTCCGGTTATGTAAACAATCCGGAAGC,UCAUCGUCUUUCCGUGCUC,79.7
U47298,1460,1478,1441,1497,GGCGAACTGTGTGTGAGAGGTCCTATGATTATGTCCGGTTATGTAAACAATCCGGAA,AUCGUCUUUCCGUGCUCCA,47.8
U47298,1458,1476,1439,1495,GAGGCGAACTGTGTGTGAGAGGTCCTATGATTATGTCCGGTTATGTAAACAATCCGG,CGUCUUUCCGUGCUCCAAA,110.4
U47298,1456,1474,1437,1493,AAGAGGCGAACTGTGTGTGAGAGGTCCTATGATTATGTCCGGTTATGTAAACAATCC,UCUUUCCGUGCUCCAAAAC,127.8
U47298,1454,1472,1435,1491,CAAAGAGGCGAACTGTGTGTGAGAGGTCCTATGATTATGTCCGGTTATGTAAACAAT,UUUCCGUGCUCCAAAACAA,10.8
U47298,1452,1470,1433,1489,ATCAAAGAGGCGAACTGTGTGTGAGAGGTCCTATGATTATGTCCGGTTATGTAAACA,UCCGUGCUCCAAAACAACA,17.5
U47298,1450,1468,1431,1487,TAATCAAAGAGGCGAACTGTGTGTGAGAGGTCCTATGATTATGTCCGGTTATGTAAA,CGUGCUCCAAAACAACAAC,67.4
U47298,1448,1466,1429,1485,GTTAATCAAAGAGGCGAACTGTGTGTGAGAGGTCCTATGATTATGTCCGGTTATGTA,UGCUCCAAAACAACAACGG,10.7
U47298,1446,1464,1427,1483,GCGTTAATCAAAGAGGCGAACTGTGTGTGAGAGGTCCTATGATTATGTCCGGTTATG,CUCCAAAACAACAACGGCG,25.2
U47298,1444,1462,1425,1481,GGGCGTTAATCAAAGAGGCGAACTGTGTGTGAGAGGTCCTATGATTATGTCCGGTTA,CCAAAACAACAACGGCGGC,86.2
U47298,1442,1460,1423,1479,CTGGGCGTTAATCAAAGAGGCGAACTGTGTGTGAGAGGTCCTATGATTATGTCCGGT,AAAACAACAACGGCGGCGG,39.0
U47298,1440,1458,1421,1477,CGCTGGGCGTTAATCAAAGAGGCGAACTGTGTGTGAGAGGTCCTATGATTATGTCCG,AACAACAACGGCGGCGGGA,56.2
U47298,1438,1456,1419,1475,AACGCTGGGCGTTAATCAAAGAGGCGAACTGTGTGTGAGAGGTCCTATGATTATGTC,CAACAACGGCGGCGGGAAG,52.8
U47298,1436,1454,1417,1473,AAAACGCTGGGCGTTAATCAAAGAGGCGAACTGTGTGTGAGAGGTCCTATGATTATG,ACAACGGCGGCGGGAAGUU,81.6
U47298,1434,1452,1415,1471,GGAAAACGCTGGGCGTTAATCAAAGAGGCGAACTGTGTGTGAGAGGTCCTATGATTA,AACGGCGGCGGGAAGUUCA,36.7
J03132,8,26,1,45,GCGCCCCAGTCGACGCTGAGCTCCTCTGCTACTCAGAGTTGCAAC,GAGGAGCUCAGCGUCGACU,103.5384615
J03132,33,51,14,70,CGCTGAGCTCCTCTGCTACTCAGAGTTGCAACCTCAGCCTCGCTATGGCTCCCAGCA,GCUGAGGUUGCAACUCUGA,103.0769231
J03132,256,274,237,293,AGAGACCCCGTTGCCTAAAAAGGAGTTGCTCCTGCCTGGGAACAACCGGAAGGTGTA,CAGGCAGGAGCAACUCCUU,114.7692308
J03132,321,339,302,358,GCAATGTGCAAGAAGATAGCCAACCAATGTGCTATTCAAACTGCCCTGATGGGCAGT,UGAAUAGCACAUUGGUUGG,91.69230769
J03132,422,440,403,459,GTGGAACTGGCACCCCTCCCCTCTTGGCAGCCAGTGGGCAAGAACCTTACCCTACGC,CCCACUGGCUGCCAAGAGG,82.15384615
J03132,571,589,552,608,GCCCGCTGAGGTCACGACCACGGTGCTGGTGAGGAGAGATCACCATGGAGCCAATTT,CUCUCCUCACCAGCACCGU,118.7692308
J03132,674,692,655,711,TTTGAGAACACCTCGGCCCCCTACCAGCTCCAGACCTTTGTCCTGCCAGCGACTCCC,AAGGUCUGGAGCUGGUAGG,54.0
J03132,732,750,713,769,CACAACTTGTCAGCCCCCGGGTCCTAGAGGTGGACACGCAGGGGACCGTGGTCTGTT,CGUGUCCACCUCUAGGACC,90.61538462
J03132,921,939,902,958,ACGAGGGCACCCAGCGGCTGACGTGTGCAGTAATACTGGGGAACCAGAGCCAGGAGA,CAGUAUUACUGCACACGUC,67.84615385
J03132,1002,1020,983,1039,GCTTTCCGGCGCCCAACGTGATTCTGACGAAGCCAGAGGTCTCAGAAGGGACCGAGG,CUCUGGCUUCGUCAGAAUC,110.7692308
J03132,1121,1139,1102,1158,CCACTGGGCCCGAGGGCCCAGCTCCTGCTGAAGGCCACCCCAGAGGACAACGGGCGC,GUGGCCUUCAGCAGGAGCU,89.23076923
J03132,1221,1239,1202,1258,TACACAAGAACCAGACCCGGGAGCTTCGTGTCCTGTATGGCCCCCGACTGGACGAGA,AUACAGGACACGAAGCUCC,42.30769231
J03132,1341,1359,1322,1378,GGGGGAACCCATTGCCCGAGCTCAAGTGTCTAAAGGATGGCACTTTCCCACTGCCCA,AUCCUUUAGACACUUGAGC,59.07692308
J03132,1421,1439,1402,1458,CGAGATCTTGAGGGCACCTACCTCTGTCGGGCCAGGAGCACTCAAGGGGAGGTCACC,CUCCUGGCCCGACAGAGGU,94.76923077
J03132,1501,1519,1482,1538,CTCCCCCCGGTATGAGATTGTCATCATCACTGTGGTAGCAGCCGCAGTCATAATGGG,CUACCACAGUGAUGAUGAC,64.61538462
J03132,1622,1640,1603,1659,CAGGCCCAAAAAGGGACCCCCATGAAACCGAACACACAAGCCACGCCTCCCTGAACC,UGUGUGUUCGGUUUCAUGG,41.84615385
J03132,1633,1651,1614,1670,AGGGACCCCCATGAAACCGAACACACAAGCCACGCCTCCCTGAACCTATCCCGGGAC,GAGGCGUGGCUUGUGUGUU,97.53846154
J03132,1654,1672,1635,1691,CACACAAGCCACGCCTCCCTGAACCTATCCCGGGACAGGGCCTCTTCCTCGGCCTTC,CUGUCCCGGGAUAGGUUCA,77.07692308
J03132,1666,1684,1647,1703,GCCTCCCTGAACCTATCCCGGGACAGGGCCTCTTCCTCGGCCTTCCCATATTGGTGG,GAGGAAGAGGCCCUGUCCC,48.46153846
J03132,1711,1729,1692,1748,CCATATTGGTGGCAGTGGTGCCACACTGAACAGAGTGGAAGACATATGCCATGCAGC,CCACUCUGUUCAGUGUGGC,76.92307692
J03132,1781,1799,1762,1818,CCTGGGACGCCGGAGGACAGGGCATTGTCCTCAGTCAGATACAACAGCATTTGGGGC,CUGACUGAGGACAAUGCCC,38.46153846
J03132,1818,1836,1799,1855,GATACAACAGCATTTGGGGCCATGGTACCTGCACACCTAAAACACTAGGCCACGCAT,AGGUGUGCAGGUACCAUGG,25.84615385
J03132,1924,1942,1905,1961,ACATGATTGATGGATGTTAAAGTCTAGCCTGATGAGAGGGGAAGTGGTGGGGGAGAC,CUCUCAUCAGGCUAGACUU,49.07692308
J03132,1971,1989,1952,2008,TGGGGGAGACATAGCCCCACCATGAGGACATACAACTGGGAAATACTGAAACTTGCT,CAGUUGUAUGUCCUCAUGG,42.46153846
J03132,2012,2030,1993,2049,AATACTGAAACTTGCTGCCTATTGGGTATGCTGAGGCCCACAGACTTACAGAAGAAG,GGCCUCAGCAUACCCAAUA,55.69230769
J03132,2056,2074,2037,2093,CTTACAGAAGAAGTGGCCCTCCATAGACATGTGTAGCATCAAAACACAAAGGCCCAC,UGCUACACAUGUCUAUGGA,48.15384615
J03132,2100,2118,2081,2137,CACAAAGGCCCACACTTCCTGACGGATGCCAGCTTGGGCACTGCTGTCTACTGACCC,CCCAAGCUGGCAUCCGUCA,69.69230769
J03132,2104,2122,2085,2141,AAGGCCCACACTTCCTGACGGATGCCAGCTTGGGCACTGCTGTCTACTGACCCCAAC,AGUGCCCAAGCUGGCAUCC,57.38461538
J03132,2221,2239,2202,2258,TGTAGGCTAAATGAACATAGGTCTCTGGCCTCACGGAGCTCCCAGTCCATGTCACAT,CUCCGUGAGGCCAGAGACC,92.61538462
J03132,2291,2309,2272,2328,GTACAGTTGTACAGGTTGTACACTGCAGGAGAGTGCCTGGCAAAAAGATCAAATGGG,AGGCACUCUCCUGCAGUGU,96.61538462
J03132,2341,2359,2322,2378,AAATGGGGCTGGGACTTCTCATTGGCCAACCTGCCTTTCCCCAGAAGGAGTGATTTT,AAAGGCAGGUUGGCCAAUG,69.84615385
J03132,2417,2435,2398,2454,TATATGGACTGGTAATGGTTCACAGGTTCAGAGATTACCCAGTGAGGCCTTATTCCT,GUAAUCUCUGAACCUGUGA,63.53846154
J03132,2531,2549,2512,2568,GCCAGTGTTCACAATGACACTCAGCGGTCATGTCTGGACATGAGTGCCCAGGGAATA,UCCAGACAUGACCGCUGAG,64.30769231
J03132,2619,2637,2600,2656,TTTGCATTTCACTGGGAGCTTGCACTATTGCAGCTCCAGTTTCCTGCAGTGATCAGG,UGGAGCUGCAAUAGUGCAA,93.84615385
J03132,2731,2749,2712,2768,TGGAAGGGTCATCCGCGTGTGTGTGTGTGTGTATGTGTAGACAAGCTCTCGCTCTGT,ACACAUACACACACACACA,91.07692308
J03132,2831,2849,2812,2868,TCTTGACCTTTTGGGCTCAAGTGATCCTCCCACCTCAGCCTCCTGAGTAGCTGGGAC,CUGAGGUGGGAGGAUCACU,53.07692308
J03132,2871,2889,2852,2908,TCCTGAGTAGCTGGGACCATAGGCTCACAACACCACACCTGGCAAATTTGATTTTTT,GUGUGGUGUUGUGAGCCUA,56.92307692
J03132,2944,2962,2925,2981,CGGGGTCTCGCAACATTGCCCAGACTTCCTTTGTGTTAGTTAATAAAGCTTTCTCAA,UAACACAAAGGAAGUCUGG,50.0
U92436,19,37,1,56,CCTCCCCTCGCCCGGCGCGGTCCCGTCCGCCTCTCGCTCGCCTCCCGCCTCCCCTC,GCGAGAGGCGGACGGGACC,100.0
U92436,197,215,178,234,ACTGCGCTCAGTTCTCTCCTCTCGGAAGCTGCAGCCATGATGGAAGTTTGAGAGTTG,AUGGCUGCAGCUUCCGAGA,59.86486486
U92436,314,332,295,351,CCCGGAGCCCCTCTCAGCGCCTGTGAGCAGCCGCGGGGGCAGCGCCCTCGGGGAGCC,CCCCGCGGCUGCUCACAGG,75.0
U92436,421,439,402,458,TTTTCTAACCGTGCAGCCTCTTCCTCGGCTTCTCCTGAAAGGGAAGGTGGAAGCCGT,UCAGGAGAAGCCGAGGAAG,35.27027027
U92436,757,775,738,794,GCTCCGGAGGCCGCCGGCGGAGGCAGCCGTTCGGAGGATTATTCGTCTTCTCCCCAT,UCCUCCGAACGGCUGCCUC,40.13513514
U92436,817,835,798,854,GCTGCCGCCGCTGCCAGGCCTCTGGCTGCTGAGGAGAAGCAGGCCCAGTCGCTGCAA,UUCUCCUCAGCAGCCAGAG,40.40540541
U92436,891,909,872,928,CAGCAGCCATTACCCGGCTGCGGTCCAGAGCCAAGCGGCGGCAGAGCGAGGGGCATC,CCGCUUGGCUCUGGACCGC,66.89189189
U92436,1106,1124,1087,1143,AGGATGGATTCGACTTAGACTTGACCTATATTTATCCAAACATTATTGCTATGGGAT,UGGAUAAAUAUAGGUCAAG,50.0
U92436,1169,1187,1150,1206,CAGAAAGACTTGAAGGCGTATACAGGAACAATATTGATGATGTAGTAAGGTTTTTGG,AUCAAUAUUGUUCCUGUAU,48.78378378
U92436,1262,1280,1243,1299,TTTGTGCTGAAAGACATTATGACACCGCCAAATTTAATTGCAGAGTTGCACAATATC,AUUAAAUUUGGCGGUGUCA,35.40540541
U92436,1342,1360,1323,1379,CAGCTAGAACTTATCAAACCCTTTTGTGAAGATCTTGACCAATGGCTAAGTGAAGAT,UCAAGAUCUUCACAAAAGG,23.64864865
U92436,1418,1436,1399,1455,TTCACTGTAAAGCTGGAAAGGGACGAACTGGTGTAATGATATGTGCATATTTATTAC,CAUUACACCAGUUCGUCCC,22.02702703
U92436,1504,1522,1485,1541,GCCCTAGATTTCTATGGGGAAGTAAGGACCAGAGACAAAAAGGGAGTAACTATTCCC,UUGUCUCUGGUCCUUACUU,22.16216216
U92436,1541,1559,1522,1578,AAAAGGGAGTAACTATTCCCAGTCAGAGGCGCTATGTGTATTATTATAGCTACCTGT,CACAUAGCGCCUCUGACUG,24.59459459
U92436,1694,1712,1675,1731,AGTTTGTGGTCTGCCAGCTAAAGGTGAAGATATATTCCTCCAATTCAGGACCCACAC,GGAAUAUAUCUUCACCUUU,88.24324324
U92436,1792,1810,1773,1829,TTACCTGTGTGTGGTGATATCAAAGTAGAGTTCTTCCACAAACAGAACAAGATGCTA,UGGAAGAACUCUACUUUGA,69.32432432
U92436,1855,1873,1836,1892,GACAAAATGTTTCACTTTTGGGTAAATACATTCTTCATACCAGGACCAGAGGAAACC,AUGAAGAAUGUAUUUACCC,25.81081081
U92436,2020,2038,2001,2057,AATGATCTTGACAAAGCAAATAAAGACAAAGCCAACCGATACTTTTCTCCAAATTTT,CGGUUGGCUUUGUCUUUAU,98.37837838
U92436,2098,2116,2079,2135,AAAACAGTAGAGGAGCCGTCAAATCCAGAGGCTAGCAGTTCAACTTCTGTAACACCA,CUGCUAGCCUCUGGAUUUG,55.27027027
U92436,2347,2365,2328,2384,AATAGGACATTGTGTCAGATTACCAGTTATAGGAACAATTCTCTTTTCCTGACCAAT,UUGUUCCUAUAACUGGUAA,57.7027027
U92436,2403,2421,2384,2440,TCTTGTTTTACCCTATACATCCACAGGGTTTTGACACTTGTTGTCCAGTTGAAAAAA,AGUGUCAAAACCCUGUGGA,52.83783784
U92436,2523,2541,2504,2560,GATTAATAAAGATGGCACTTTCCCGTTTTATTCCAGTTTTATAAAAAGTGGAGACAG,AACUGGAAUAAAACGGGAA,60.0
U92436,2598,2616,2579,2635,GAATTTTTTCCTTTTGTGTTCTGTCACCAACTGAAGTGGCTAAAGAGCTTTGTGATA,CACUUCAGUUGGUGACAGA,73.10810811
U92436,2703,2721,2684,2740,GCAGTTGGCTAAGAGAGGTTTCCGAAAGGTTTTGCTACCATTCTAATGCATGTATTC,GUAGCAAAACCUUUCGGAA,60.67567568
U92436,2806,2824,2787,2843,GCTGGACTCTGGACCATATACCATCTCCAGCTATTTACACACACCTTTCTTTAGCAT,GUAAAUAGCUGGAGAUGGU,90.40540541
U92436,2844,2862,2825,2881,ACACACCTTTCTTTAGCATGCTACAGTTATTAATCTGGACATTCGAGGAATTGGCCG,CCAGAUUAAUAACUGUAGC,60.54054054
U92436,2950,2968,2931,2987,AGAAAAGGCAGCTAAAGGAAGTGAATCTGTATTGGGGTACAGGAATGAACCTTCTGC,ACCCCAAUACAGAUUCACU,58.78378378
U92436,3037,3055,3018,3074,TAAAAATAATGTCATAGGTAAGAAACACAGCAACAATGACTTAACCATATAAATGTG,CAUUGUUGCUGUGUUUCUU,67.43243243
U92436,3088,3106,3069,3125,AATGTGGAGGCTATCAACAAAGAATGGGCTTGAAACATTATAAAAATTGACAATGAT,AUGUUUCAAGCCCAUUCUU,56.75675676
NM_002037,595,613,576,632,TGATCGTTGGCGGACATTTTGGAATTTAGATAATGGGCTGTGTGCAATGTAAGGATA,UUGCUUCUUUAUCCUUACA,38.74
NM_002037,725,743,706,762,CCCCACCCCTCAGCACTACCCCAGCTTCGGTGTGACCTCCATCCCCAACTACAACAA,GCGUGGAAGUUGUUGUAGU,56.62
NM_002037,956,974,937,993,AATATTGAACAGCTCGGAAGGAGATTGGTGGGAAGCCCGCTCCTTGACAACTGGAGA,UAACCUGUCUCUCCAGUUG,23.2
NM_002037,1192,1210,1173,1229,TCCGTGATTGGGATGATATGAAAGGAGACCATGTCAAACATTATAAAATTCGCAAAC,CAUUGUCAAGUUUGCGAAU,97.6
NM_002037,1719,1737,1700,1756,CCAAATCTTGTGGACATGGCAGCACAGGTGGCTGCAGGAATGGCTTACATCGAGCGC,AUAAUUCAUGCGCUCGAUG,22.67
NM_002870,115,133,96,152,TGTCCGCCATGGCCAAAGCCTACGACCACCTCTTCAAGTTGCTGCTGATCGGGGACT,CAGCAGCAACUUGAAGAGG,29.33
NM_002870,222,240,203,259,AACAACACTTACATCTCCACCATCGGAATTGATTTCAAGATCCGCACTGTGGATATA,GUGCGGAUCUUGAAAUCAA,42.41
NM_002870,296,314,277,333,ACTACAAGTCTGGGACACGGCTGGCCAAGAGCGGTTCAAGACAATAACTACTGCCTA,UUAUUGUCUUGAACCGCUC,16.54
NM_002870,357,375,338,394,CGTGGAGCCATGGGCATTATCCTAGTATACGACATCACGGATGAGAAATCTTTCGAG,UUCUCAUCCGUGAUGUCGU,17.43
NM_002870,457,475,438,494,CTGGGGTGGAGCGCCTCTTGCTGGGGAACAAATGTGACATGGAGGCCAAGAGGAAGG,GGCCUCCAUGUCACAUUUG,115.7
NM_001344,95,113,76,132,GTCGGTAGTGTCTGTCATTTCGCGGTTCTTAGAAGAGTACTTGAGCTCCACTCCGCA,UACUCUUCUAAGAACCGCG,5.76
NM_001344,186,204,167,223,ATACTGCTGACCGGGGCGCTGCAGTTCGGTTACTGTCTCCTCGTGGGGACCTTCCCC,GAGACAGUAACCGAACUGC,4.82
NM_001344,280,298,261,317,GGAGTTTCATCCTAGCGGTTTGCCTGAGAATACAGATCAACCCACAGAACAAAGCGG,UGAUCUGUAUUCUCAGGCA,16.7
NM_001344,337,355,318,374,ATTTCCAAGGCATCTCCCCAGAGCGAGCCTTTGCTGATTTTCTCTTTGCCAGCACCA,AAUCAGCAAAGGCUCGCUC,6.49
NM_001344,381,399,362,418,TTTGCCAGCACCATCCTGCACCTTGTTGTCATGAACTTTGTTGGCTGAATCATTCTC,AAAGUUCAUGACAACAAGG,6.74
NM_002467,398,416,379,435,GTAGTGGAAAACCAGCAGCCTCCCGCGACGATGCCCCTCAACGTTAGCTTCACCAAC,UAGUUCCUGUUGGUGAAGC,58.43
NM_002467,706,724,687,743,CTCCACGGCCGACCAGCTGGAGATGGTGACCGAGCTGCTGGGAGGAGACATGGTGAA,AACUCUGGUUCACCAUGUC,56.82
NM_002467,1206,1224,1187,1243,AAGAAATCGATGTTGTTTCTGTGGAAAAGAGGCAGGCTCCTGGCAAAAGGTCAGAGT,UGAUCCAGACUCUGACCUU,57.49
NM_002467,1284,1302,1265,1321,GCCACAGCAAACCTCCTCACAGCCCACTGGTCCTCAAGAGGTGCCACGTCTCCACAC,GUGCUGAUGUGUGGAGACG,55.9
NM_002467,1485,1503,1466,1522,ATGTCAAGAGGCGAACACACAACGTCTTGGAGCGCCAGAGGAGGAACGAGCTAAAAC,AAAGCUCCGUUUUAGCUCG,37.1
NM_004517,399,417,380,436,GTGATATTGTACAGAAGCTATTGCAGTACAAGGCAGACATCAATGCAGTGAATGAAC,CAAUAGCUUCUGUACAAUA,84.46
NM_004517,430,448,411,467,GGCAGACATCAATGCAGTGAATGAACACGGGAATGTGCCCCTGCACTATGCCTGTTT,CAUUCACUGCAUUGAUGUC,12.93
NM_004517,630,648,611,667,AGAATCTCAACCGTATTCCATACAAGGACACATTCTGGAAGGGGACCACCCGCACTC,GUAUGGAAUACGGUUGAGA,27.88
NM_004517,849,867,830,886,GGAAGAGCAGGGACTTCAATGAAGAGTGTCCCCGGCTCAGGATTTTCTCGCATCCAA,UUCAUUGAAGUCCCUGCUC,38.24
NM_004517,993,1011,974,1030,ACAATGTACTACATGAAGGCACCAATTTCGTCGTGGACCAGAGCCAGGCTGTGAAGT,GGUGCCUUCAUGUAGUACA,12.79
NM_004383,412,430,393,449,GTTTCCTCCCCCCGACTCCCTCCCGCCCCCTTCCCCCGCCTTTCTTCCCTCCGCGAC,GGCCUGUAUUGCUGACAUC,91.89
NM_004383,796,814,777,833,CCGAGCAGGACCTGCCCTTCTGCAAAGGAGACGTGCTCACCATTGTGGCCGTCACCA,AUGGUACAUGAUGCGGUAG,23.48
NM_004383,985,1003,966,1022,TCACACGGGAGCAGGCTGAGCGGCTTCTGTACCCGCCGGAGACAGGCCTGTTCCTGG,CAGCUUCAGCUCCUUCAUG,34.71
NM_004383,1139,1157,1120,1176,CAGCATCGACGAGGAGGTGTACTTTGAGAACCTCATGCAGCTGGTGGAGCACTACAC,CCAGGUUGCUAUGCCGCAG,25.71
NM_004383,1664,1682,1645,1701,AGACCTGGCTGCCCGCAATGTGCTGGTGTCTGAGGACAACGTGGCCAAGGTCAGCGA,GCCAGCAGUUCUUCAUGAC,36.11
NM_000389,193,211,174,230,GCAGCTGAGCCGCGACTGTGATGCGCTAATGGCGGGCTGCATCCAGGAGGCCCGTGA,CGCCAUUAGCGCAUCACAG,103.69
NM_000389,96,114,77,133,TCAGAGGAGGCGCCATGTCAGAACCGGCTGGGGATGTCCGTCAGAACCCATGCGGCA,UCCCCAGCCGGUUCUGACA,11.82
NM_000389,235,253,216,272,CCAGGAGGCCCGTGAGCGATGGAACTTCGACTTTGTCACCGAGACACCACTGGAGGG,AAAGUCGAAGUUCCAUCGC,23.99
NM_000389,419,437,400,456,GGGACAGCAGAGGAAGACCATGTGGACCTGTCACTGTCTTGTACCCTTGTGCCTCGC,GUGACAGGUCCACAUGGUC,29.96
NM_000389,539,557,520,576,CAGACCAGCATGACAGATTTCTACCACTCCAAACGCCGGCTGATCTTCTCCAAGAGG,GUUUGGAGUGGUAGAAAUC,13.45
NM_006930,136,154,117,173,GAGTTCTGATGGAGAGATATTTGAAGTTGATGTGGAAATTGCCAAACAATCTGTGAC,CUUAAUUGAAGGCAUGGUG,1.0
NM_006930,177,195,158,214,CCAAACAATCTGTGACTATTAAGACCATGTTGGAAGATTTGGGAATGGATGATGAAG,UCCACAUCAACUUCAAAUA,1.0
NM_006930,223,241,204,260,GGATGATGAAGGAGATGATGACCCAGTTCCTCTACCAAATGTGAATGCAGCAATATT,CAAAUCUUCCAACAUGGUC,1.0
NM_006930,421,439,402,458,ACTCATTCTGGCTGCAAACTACTTAGACATCAAAGGTTTGCTTGATGTTACATGCAA,AAGUGUUCCUUGGUCAACU,1.0
NM_006930,463,481,444,500,TGATGTTACATGCAAGACTGTTGCCAATATGATCAAGGGGAAAACTCCTGAGGAGAT,ACCUUUGAUGUCUAAGUAG,1.0
NM_004404,77,95,58,114,GACGAAGCTTCACAAAAGATGTCTAAGCAACAGCCAACTCAGTTTATAAATCCAGAA,GGCUGUUGCUUAGACAUCU,16.11
NM_004404,187,205,168,224,AGTGAAAAAAGGTTTTGAGTTCACACTGATGGTGGTCGGTGAATCAGGTCTAGGAAA,CCACCAUCAGUGUGAACUC,15.14
NM_004404,426,444,407,463,GCAGAGATTGTTTTAAGACAATTATCTCCTATATTGATGAGCAATTTGAGAGGTACC,AAUAUAGGAGAUAAUUGUC,4.62
NM_004404,552,570,533,589,TTTCACCTTTTGGACATGGACTTAAGCCCTTAGATGTGGCGTTTATGAAGGCAATAC,AUCUAAGGGCUUAAGUCCA,11.79
NM_004404,707,725,688,744,GAACATAACATCAAAATCTATCACTTACCTGATGCAGAATCAGATGAAGATGAAGAT,GCAUCAGGUAAGUGAUAGA,73.62
NM_002211,933,951,914,970,TTCCACAGATGCCGGGTTTCACTTTGCTGGAGATGGGAAACTTGGTGGCATTGTTTT,CACCAGCAGCCGUGUAACA,81.86
NM_002211,299,317,280,336,ATGATTTAGAAGCCTTAAAAAAGAAGGGTTGCCCTCCAGATGACATAGAAAATCCCA,CAUCGUGCAGAAGUAGGCA,21.85
NM_002211,650,668,631,687,TTGGATTTGGCTCATTTGTGGAAAAGACTGTGATGCCTTACATTAGCACAACACCAG,CUGAAGUCCGAAGUAAUCC,14.2
NM_002211,1146,1164,1127,1183,GCTGAAAAACTTGATCCCTAAGTCAGCAGTAGGAACATTATCTGCAAATTCTAGCAA,CUUGUAAACAGGCUGAAAU,52.76
NM_002211,1012,1030,993,1049,CTGGAAAATAATATGTACACAATGAGCCATTATTATGATTATCCTTCTATTGCTCAC,GACAUUGUCCAUCAUUUGG,27.68
M16553,77,95,58,114,CGCCGCCAACTGGTAGACATGGAGACCCCTGCCTGGCCCCGGGTCCCGCGCCCCGAG,GGCCAGGCAGGGGUCUCCA,88.0
M16553,167,185,148,204,GTCTTCGCCCAGGTGGCCGGCGCTTCAGGCACTACAAATACTGTGGCAGCATATAAT,UUUGUAGUGCCUGAAGCGC,20.0
M16553,256,274,237,293,TTTGGAGTGGGAACCCAAACCCGTCAATCAAGTCTACACTGTTCAAATAAGCACTAA,UGUAGACUUGAUUGACGGG,30.0
M16553,372,390,353,409,ACGAGATTGTGAAGGATGTGAAGCAGACGTACTTGGCACGGGTCTTCTCCTACCCGG,UGCCAAGUACGUCUGCUUC,18.0
M16553,459,477,440,496,GGGAGCCTCTGTATGAGAACTCCCCAGAGTTCACACCTTACCTGGAGACAAACCTCG,AGGUGUGAACUCUGGGGAG,79.0
M16553,478,496,459,515,CTCCCCAGAGTTCACACCTTACCTGGAGACAAACCTCGGACAGCCAACAATTCAGAG,CGAGGUUUGUCUCCAGGUA,83.0
M16553,562,580,543,599,TGTGACCGTAGAAGATGAACGGACTTTAGTCAGAAGGAACAACACTTTCCTAAGCCT,UCCUUCUGACUAAAGUCCG,50.0
M16553,929,947,910,966,AAGGCAGGAGTGGGGCAGAGCTGGAAGGAGAACTCCCCACTGAATGTTTCATAAAGG,GGGGAGUUCUCCUUCCAGC,80.0
AJ272212,314,332,295,351,AAGTCAGTATGCACACCCCTGCCCCGGTCCCCCGACTGCTGGCCACACGGAGCCTCC,CAGUCGGGGGACCGGGGCA,100.0
AJ272212,546,564,527,583,TACCGGGAGGGGCGGGAGGTGTGTGAGTCGGAGCTGCGTGTGCTGCGTCGGGTGCGT,CGCAGCUCCGACUCACACA,106.0
AJ272212,566,584,547,603,GTGTGAGTCGGAGCTGCGTGTGCTGCGTCGGGTGCGTCATGCCAACATCATCCAGCT,GACGCACCCGACGCAGCAC,92.0
AJ272212,739,757,720,776,GGGTGCTGCAGATGGTGCTGGATGGCGTCCGGTATCTGCATGCACTGGGCATCACAC,CAGAUACCGGACGCCAUCC,110.0
NM_031313,196,214,177,233,CAAGAAGCTGCAGCCTGCACAGACAGCCGCCAAGAACCTCATCATCTTCCTGGGTGA,GUUCUUGGCGGCUGUCUGU,48.65717835
NM_031313,206,224,187,243,CAGCCTGCACAGACAGCCGCCAAGAACCTCATCATCTTCCTGGGTGACGGGATGGGG,AGAUGAUGAGGUUCUUGGC,9.180800949
NM_031313,756,774,737,793,TGGGGACCCCAGACCCTGAGTACCCAGATGACTACAGCCAAGGTGGGACCAGGCTGG,CUGUAGUCAUCUGGGUACU,98.15086855
NM_031313,802,820,783,839,GACCAGGCTGGACGGGAAGAATCTGGTGCAGGAATGGCTGGCGAAGCACCAGGGTGC,CCAUUCCUGCACCAGAUUC,46.08051263
NM_031313,1270,1288,1251,1307,GGCCCGGGACAGGAAGGCCTACACGGTCCTCCTATACGGAAACGGTCCAGGCTATGT,GUAUAGGAGGACCGUGUAG,78.76027114
NM_031313,1288,1306,1269,1325,CTACACGGTCCTCCTATACGGAAACGGTCCAGGCTATGTGCTCAAGGACGGCGCCCG,AUAGCCUGGACCGUUUCCG,19.79064521
NM_031313,1290,1308,1271,1327,ACACGGTCCTCCTATACGGAAACGGTCCAGGCTATGTGCTCAAGGACGGCGCCCGGC,ACAUAGCCUGGACCGUUUC,94.04415771
NM_031313,1477,1495,1458,1514,CGGCGTGCAGGAGCAGACCTTCATAGCGCACGTCATGGCCTTCGCCGCCTGCCTGGA,CAUGACGUGCGCUAUGAAG,83.49687234
NM_031313,913,931,894,950,GACCCATCTCATGGGTCTCTTTGAGCCTGGAGACATGAAATACGAGATCCACCGAGA,CAUGUCUCCAGGCUCAAAG,21.99036638
NM_031313,1107,1125,1088,1144,CACTGACTGAGACGATCATGTTCGACGACGCCATTGAGAGGGCGGGCCAGCTCACCA,UCAAUGGCGUCGUCGAACA,28.99326519
NM_031313,1269,1287,1250,1306,AGGCCCGGGACAGGAAGGCCTACACGGTCCTCCTATACGGAAACGGTCCAGGCTATG,UAUAGGAGGACCGUGUAGG,37.62880575
NM_020548,374,392,355,411,GATGCCTGGAATGAGCTGAAAGGGACTTCCAAGGAAGATGCCATGAAAGCTTACATC,GCUCAUUCCAGGCAUCCCA,95.10276681
NM_020548,412,430,393,449,TGCCATGAAAGCTTACATCAACAAAGTAGAAGAGCTAAAGAAAAAATACGGGATATG,GUAAGCUUUCAUGGCAUCU,109.1337526
NM_020548,512,530,493,549,GAGACAATGCCTTGTTTTTTTCTAATACCGTGGATGGTGGGAATTCGGGAAAATAAC,AACAAGGCAUUGUCUCAGU,93.99275633
NM_020548,629,647,610,666,CGATTACTGACTTTCCTTGAGTAGTTTTTATCTGAAATCAATTAAAAGTGTATTTGT,GGAAAGUCAGUAAUCGUUU,118.5752734
NM_020548,635,653,616,672,CTGACTTTCCTTGAGTAGTTTTTATCTGAAATCAATTAAAAGTGTATTTGTTACTTT,ACUCAAGGAAAGUCAGUAA,108.3528974
NM_020548,411,429,392,448,ATGCCATGAAAGCTTACATCAACAAAGTAGAAGAGCTAAAGAAAAAATACGGGATAT,UAAGCUUUCAUGGCAUCUU,49.26110599
NM_020548,420,438,401,457,AAGCTTACATCAACAAAGTAGAAGAGCTAAAGAAAAAATACGGGATATGAGAGACTG,UUGUUGAUGUAAGCUUUCA,66.27756084
NM_020548,437,455,418,474,GTAGAAGAGCTAAAGAAAAAATACGGGATATGAGAGACTGGATTTGGTTACTGTGCC,UCUUUAGCUCUUCUACUUU,28.22769278
NM_020548,444,462,425,481,AGCTAAAGAAAAAATACGGGATATGAGAGACTGGATTTGGTTACTGTGCCATGTGTT,UAUUUUUUCUUUAGCUCUU,32.0
X75932,246,264,227,283,GGGGCCGCTTTTTGGGCAAGGGCGGCTTTGCCAAGTGCTTCGAGATCTCGGACGCGG,GCACUUGGCAAAGCCGCCC,69.3837136
X75932,354,372,335,391,AGCCGCACCAGAGGGAGAAGATGTCCATGGAAATATCCATTCACCGCAGCCTCGCCC,GGAUAUUUCCAUGGACAUC,56.14658279
X75932,747,765,728,784,TGCTGAGCAAGAAAGAGCACAGTTTCGAGGTGGATGTGTGGTCCATTGGGTGTATCA,CACAUCCACCUCGAAACUG,47.44730834
X75932,857,875,838,894,ACCTACCTCCGGATCAAGAAGAATGAATACAGTATTCCCAAGCACATCAACCCCGTG,GGAAUACUGUAUUCAUUCU,42.03729506
X75932,1373,1391,1354,1410,AGCGTGGGGGTGCTCTTCAATGACTCAACACGCCTCATCCTCTACAATGATGGTGAC,AUGAGGCGUGUUGAGUCAU,41.6258842
X75932,1504,1522,1485,1541,GAAGATCACCCTCCTTAAATATTTCCGCAATTACATGAGCGAGCACTTGCTGAAGGC,UCAUGUAAUUGCGGAAAUA,42.87550657
X75932,308,326,289,345,AAGGAGGTGTTCGCGGGCAAGATTGTGCCTAAGTCTCTGCTGCTCAAGCCGCACCAG,AGAGACUUAGGCACAAUCU,31.5222298
X75932,617,635,598,654,CTGGGCAACCTTTTCCTGAATGAAGATCTGGAGGTGAAAATAGGGGATTTTGGACTG,UUCACCUCCAGAUCUUCAU,45.02418067
X75932,814,832,795,851,GTTAGTGGGCAAACCACCTTTTGAGACTTCTTGCCTAAAAGAGACCTACCTCCGGAT,UUAGGCAAGAAGUCUCAAA,17.80427865
X75932,1487,1505,1468,1524,CCCAACTCCTTGATGAAGAAGATCACCCTCCTTAAATATTTCCGCAATTACATGAGC,UAUUUAAGGAGGGUGAUCU,27.46873244
NM_002046,412,430,393,449,AGAAGGCTGGGGCTCATTTGCAGGGGGGAGCCAAAAGGGTCATCATCTCTGCCCCCT,CCCUUUUGGCUCCCCCCUG,124.420366
NM_002046,430,448,411,467,TGCAGGGGGGAGCCAAAAGGGTCATCATCTCTGCCCCCTCTGCTGATGCCCCCATGT,AGGGGGCAGAGAUGAUGAC,30.18404708
NM_002046,450,468,431,487,GTCATCATCTCTGCCCCCTCTGCTGATGCCCCCATGTTCGTCATGGGTGTGAACCAT,GAACAUGGGGGCAUCAGCA,87.2665714
NM_002046,470,488,451,507,TGCTGATGCCCCCATGTTCGTCATGGGTGTGAACCATGAGAAGTATGACAACAGCCT,UCAUGGUUCACACCCAUGA,39.45110502
NM_002046,490,508,471,527,TCATGGGTGTGAACCATGAGAAGTATGACAACAGCCTCAAGATCATCAGCAATGCCT,UGAGGCUGUUGUCAUACUU,5.82658542
NM_002046,510,528,491,547,AAGTATGACAACAGCCTCAAGATCATCAGCAATGCCTCCTGCACCACCAACTGCTTA,GGAGGCAUUGCUGAUGAUC,29.20349233
NM_002046,530,548,511,567,GATCATCAGCAATGCCTCCTGCACCACCAACTGCTTAGCACCCCTGGCCAAGGTCAT,GCUAAGCAGUUGGUGGUGC,61.39806146
NM_002046,550,568,531,587,GCACCACCAACTGCTTAGCACCCCTGGCCAAGGTCATCCATGACAACTTTGGTATCG,GGAUGACCUUGGCCAGGGG,102.5142102
NM_002046,570,588,551,607,CCCCTGGCCAAGGTCATCCATGACAACTTTGGTATCGTGGAAGGACTCATGACCACA,CACGAUACCAAAGUUGUCA,56.98639448
NM_002046,590,608,571,627,TGACAACTTTGGTATCGTGGAAGGACTCATGACCACAGTCCATGCCATCACTGCCAC,ACUGUGGUCAUGAGUCCUU,117.3774976
NM_002046,476,494,457,513,TGCCCCCATGTTCGTCATGGGTGTGAACCATGAGAAGTATGACAACAGCCTCAAGAT,UACUUCUCAUGGUUCACAC,7.287626606
NM_002046,554,572,535,591,CACCAACTGCTTAGCACCCCTGGCCAAGGTCATCCATGACAACTTTGGTATCGTGGA,UCAUGGAUGACCUUGGCCA,8.526136389
NM_002046,418,436,399,455,CTGGGGCTCATTTGCAGGGGGGAGCCAAAAGGGTCATCATCTCTGCCCCCTCTGCTG,UGAUGACCCUUUUGGCUCC,11.31413445
NM_002046,422,440,403,459,GGCTCATTTGCAGGGGGGAGCCAAAAGGGTCATCATCTCTGCCCCCTCTGCTGATGC,GAGAUGAUGACCCUUUUGG,6.097294287
NM_002046,464,482,445,501,CCCCTCTGCTGATGCCCCCATGTTCGTCATGGGTGTGAACCATGAGAAGTATGACAA,UUCACACCCAUGACGAACA,19.65903841
NM_002046,482,500,463,519,CATGTTCGTCATGGGTGTGAACCATGAGAAGTATGACAACAGCCTCAAGATCATCAG,UUGUCAUACUUCUCAUGGU,7.475748283
NM_002046,484,502,465,521,TGTTCGTCATGGGTGTGAACCATGAGAAGTATGACAACAGCCTCAAGATCATCAGCA,UGUUGUCAUACUUCUCAUG,7.613360407
NM_002046,492,510,473,529,ATGGGTGTGAACCATGAGAAGTATGACAACAGCCTCAAGATCATCAGCAATGCCTCC,CUUGAGGCUGUUGUCAUAC,22.37027749
NM_002046,494,512,475,531,GGGTGTGAACCATGAGAAGTATGACAACAGCCTCAAGATCATCAGCAATGCCTCCTG,AUCUUGAGGCUGUUGUCAU,41.70641231
NM_002046,496,514,477,533,GTGTGAACCATGAGAAGTATGACAACAGCCTCAAGATCATCAGCAATGCCTCCTGCA,UGAUCUUGAGGCUGUUGUC,5.793431741
M26071,223,241,204,260,CAGGTGACCGCGGGTGCAGGCATTCCAGAGAAAGCGTTTAATTTAACTTGGATATCA,AACGCUUUCUCUGGAAUGC,23.0
M26071,217,235,198,254,CTCCTCCAGGTGACCGCGGGTGCAGGCATTCCAGAGAAAGCGTTTAATTTAACTTGG,UUCUCUGGAAUGCCUGCAC,38.0
M26071,229,247,210,266,ACCGCGGGTGCAGGCATTCCAGAGAAAGCGTTTAATTTAACTTGGATATCAACTGAT,AAAUUAAACGCUUUCUCUG,20.0
M26071,321,339,302,358,CAACTATACCTACACTGTACAGATAAGTGATCGATCTAGAAACTGGAAAAACAAGTG,UAGAUCGAUCACUUAUCUG,30.0
M26071,395,413,376,432,CCGAGTGCGACCTCACAGACGAGATCGTGAAGGATGTGACCTGGGCCTATGAAGCAA,CACAUCCUUCACGAUCUCG,45.0
M26071,355,373,336,392,TCTAGAAACTGGAAAAACAAGTGCTTCTCGACCACAGACACCGAGTGCGACCTCACA,UCUGUGGUCGAGAAGCACU,26.0
M26071,226,244,207,263,GTGACCGCGGGTGCAGGCATTCCAGAGAAAGCGTTTAATTTAACTTGGATATCAACT,UUAAACGCUUUCUCUGGAA,38.0
M26071,245,263,226,282,TTCCAGAGAAAGCGTTTAATTTAACTTGGATATCAACTGATTTCAAGACAATTTTGG,AGUUGAUAUCCAAGUUAAA,100.0
M26071,269,287,250,306,CTTGGATATCAACTGATTTCAAGACAATTTTGGAGTGGCAACCCAAACCCACCAACT,CCACUCCAAAAUUGUCUUG,127.0
M26071,220,238,201,257,CTCCAGGTGACCGCGGGTGCAGGCATTCCAGAGAAAGCGTTTAATTTAACTTGGATA,GCUUUCUCUGGAAUGCCUG,28.0
NM_005572,52,70,33,89,CAACCCAGATCCCGAGGTCCGACAGCGCCCGGCCCAGATCCCCACGCCTGCCAGGAG,GGCCGGGCGCUGUCGGACC,93.0
NM_005572,1001,1019,982,1038,GTATAAGAAGGAGCTGGAGAAGACTTATTCTGCCAAGCTGGACAATGCCAGGCAGTC,GGCAGAAUAAGUCUUCUCC,93.0
NM_005572,1193,1211,1174,1230,CCTGGAGGACTCACTGGCCCGTGAGCGGGACACCAGCCGGCGGCTGCTGGCGGAAAA,GGUGUCCCGCUCACGGGCC,98.0
NM_005572,1969,1987,1950,2006,CCCAGCCAGGCCTGGGGGCAGCCTCTCCCCAGCCTCCCCGTGCCAAAAATCTTTTCA,GGCUGGGGAGAGGCUGCCC,98.0
M84918,219,237,200,256,TCTATCGCCGCCACTCCGGGACATAGACTTGACAGGCCCCGACGGCTCTCTCTGCTC,GGCCUGUCAAGUCUAUGUC,50.0
M84918,487,505,468,524,TGCTTGCTGTGGGCCTGCAAGGCGTGCAAGCGCAAGACCACCAACGCTGATCGCCGC,GUCUUGCGCUUGCACGCCU,80.0
M84918,632,650,613,669,ACCAGCGGCTACCCAAGGTGGAGATCCTGCGCAACGCCATCCGCTACATCGAAGGTC,GGCGUUGCGCAGGAUCUCC,95.0
M84918,732,750,713,769,CGCTGCCTTCTACGCACCTGGACCGCTGCCCCCAGGCCGTGGCAGCGAGCACTACAG,GGCCUGGGGGCAGCGGUCC,90.0
M84918,831,849,812,868,TGGCATGATGGATTACAGCGGCCCCCCAAGCGGCCCCCGGCGGCAGAATGGCTACGA,GGGGGCCGCUUGGGGGGCC,95.0
NM_005938,477,495,458,514,AGCTTTGAGGCTACAGGCTGTAGTCGGGAAGGGGATCGGAGAACTGTGTGAAGGGAC,AUUCUGCAUAUGACUGAUU,59.5698378
NM_005938,952,970,933,989,GGGGGCTGTAACAGGTCCTCGGAAGGGAGGCTCCCGCCGGAATGCCTGGGGAAATCA,ACACUGCUGGCAUUUGAAC,40.50918594
NM_005938,1559,1577,1540,1596,TCAGTCAGCAGTTATGCAGGGGGTGTCCCTCCCACCCTCAATGAAGGTCTAGAGCTG,AUCCUGAGGCAUUCUGUCU,46.09029845
NM_005938,1630,1648,1611,1667,TCTCACCTCTTCCCATTCCCTGCTATCTCGGAGTGGTCTCTCTGGCTTCTCTTTGCA,UCAUCCAUGAGGUCACUGA,44.64639424
NM_005938,1977,1995,1958,2014,TGGTTCCCACCCTTTCTATGATAGCACCACCTCCAGTCATGGCAAGTGCCCCCATCC,UCUUGCUACAAAGCCUAAG,25.21533551
NM_005163,638,656,619,675,GGCGGCCACGCTACTTCCTCCTCAAGAATGATGGCACCTTCATTGGCTACAAGGAGC,AGGUACUCAAACUCGUUCA,46.30740763
NM_005163,1059,1077,1040,1096,CAAGGTGATCCTGGTGAAGGAGAAGGCCACAGGCCGCTACTACGCCATGAAGATCCT,GAAGUCUGUGAUCUUAAUG,48.29580271
NM_005163,1403,1421,1384,1440,TGGAGAACCTCATGCTGGACAAGGACGGGCACATTAAGATCACAGACTTCGGGCTGT,AAGAAGCGAUGCUGCAUGA,43.82237631
NM_005163,1560,1578,1541,1597,AGTGGACTGGTGGGGGCTGGGCGTGGTCATGTACGAGATGATGTGCGGTCGCCTGCC,ACACUCCAUGCUGUCAUCU,27.86146112
NM_005163,1854,1872,1835,1891,CCAGGTCACGTCGGAGACTGACACCAGGTATTTTGATGAGGAGTTCACGGCCCAGAT,GAGAACAAACUGGAUGAAA,88.9436333
NM_001626,1055,1073,1036,1092,CTTGAGTACTTGCACTCGCGGGACGTGGTATACCGCGACATCAAGCTGGAAAACCTC,CUUGAUGUGGCCAUCUUUG,100.0
NM_001626,1082,1100,1063,1119,GTATACCGCGACATCAAGCTGGAAAACCTCATGCTGGACAAAGATGGCCACATCAAG,CUCUUUGCAGAGGCCAAAG,100.0
NM_001626,1508,1526,1489,1545,TGGCAGGACGTGGTCCAGAAGAAGCTCCTGCCACCCTTCAAACCTCAGGTCACGTCC,AUCAUCGAAGUACCUUGUG,74.97681339
NM_001626,1512,1530,1493,1549,AGGACGTGGTCCAGAAGAAGCTCCTGCCACCCTTCAAACCTCAGGTCACGTCCGAGG,AUUCAUCAUCGAAGUACCU,40.43692966
NM_005188,294,312,275,331,GTGGTGCGGTTGTGTCAGAACCCAAAGCTGGCGCTAAAGAATAGCCCACCTTATATC,CUUCUCCACCAUCUUCUUG,53.37731366
NM_005188,727,745,708,764,ATGAAGTGCATCCCATCAGTTCTGGGCTGGAGGCCATGGCTCTGAAATCCACTATTG,UCCAAGGGACUAUUGUCUU,72.36867421
NM_005188,1302,1320,1283,1339,ACATCCTGTCTTACATCCTGGCAGGAATCAGAAGGTCAGGGCTGTCCTTTCTGCCGA,CUCAAUCUUUACAUCCUUA,95.89373275
NM_005188,1794,1812,1775,1831,CCTTGTACACCAGGCGACTGTCCCTCCAGAGACAAACTGCCCCCTGTCCCCTCTAGC,GGAUUCUGCUCCAACAGAA,84.3768266
NM_005188,2983,3001,2964,3020,AAAATGGAGCAGCTAGTATGTTTTATTATTTTATGGGTCTTGAGTGCATTTGAAGGT,UGGAACCACUGAUGUGAUA,33.97557825
NM_004351,403,421,384,440,GAATTTTGGGTATTATTGATGCTATTCAGGATGCAGTTGGACCCCCTAAGCAAGCTG,AACUGCAUCCUGAAUAGCA,52.43789388
NM_004351,888,906,869,925,AGAAAGTTTTTTGGAGACAAAACTATCGTACCATGGAAAGTATTCAGACAGTGCCTT,UUCCAUGGUACGAUAGUUU,62.65111799
NM_004351,1335,1353,1316,1372,CCTGATGGGAGGAGTTATAATCCTGATTTAACTGGATTATGTGAACCTACACCTCAT,AAUCCAGUUAAAUCAGGAU,100.0
NM_004351,1744,1762,1725,1781,GAAAGTGCACTGACAGGCAGAACTCACCAGTCACATCACCAGGATCCTCTCCCCTTG,UGAUGUGACUGGUGAGUUC,50.04430481
NM_004351,2652,2670,2633,2689,TAATTTCCTTTGTGATGTACATCTTAATGGTCAGAATTTAAAGGCAAAATTTCATGC,AAUUCUGACCAUUAAGAUG,100.0
NM_004095,219,237,200,256,TATGACCGGAAATTCCTGATGGAGTGTCGGAACTCACCTGTGACCAAAACACCCCCA,AAUUUCCGGUCAUAGAUGA,43.20549813
NM_004095,222,240,203,259,GACCGGAAATTCCTGATGGAGTGTCGGAACTCACCTGTGACCAAAACACCCCCAAGG,AGGAAUUUCCGGUCAUAGA,69.95234695
NM_004095,394,412,375,431,CACAGTTTGAGATGGACATTTAAAGCACCAGCCATCGTGTGGAGCACTACCAAGGGG,CAUCUCAAACUGUGACUCU,100.0
NM_004095,696,714,677,733,ACGAACCCTTCCTTCCGAATGATCAGCAGTTCCAGCCCCTCGCTGCTGGGGGCGCAA,AAGGAAGGGUUCGUUCUUG,49.13549617
NM_002015,942,960,923,979,ACGCCGACCTCATCACCAAGGCCATCGAGAGCTCGGCGGAGAAGCGGCTCACGCTGT,UUGACCAUCCACUCGUAGA,39.16654027
NM_002015,1162,1180,1143,1199,GCTCAATCCAGAGGGTGGCAAGAGCGGGAAATCTCCTAGGAGAAGAGCTGCATCCAT,CUUAGCAAAUUUACUGUUG,66.20607735
NM_002015,1445,1463,1426,1482,ACCGAACAGGATGATCTTGGAGAAGGGGATGTGCATTCTATGGTGTACCCGCCATCT,GUAAAGUAGAGGCCAUCUU,60.08153619
NM_002015,1701,1719,1682,1738,GCCCAAACTACCAAAAATATACATATGGCCAATCCAGCATGAGCCCTTTGCCCCAGA,UUGUCCUGAAGUGUUUGUA,73.97400383
NM_002015,2378,2396,2359,2415,AGTGTCAAGACAACGACACATAGCTGGGTGTCAGGCTGAGGGTTAGTGAGCAGGTTA,AGACAAUCUGAAGUACUUU,42.16248717
NM_019884,482,500,463,519,AAGGCCCAGAGCGCTCCCAAGAAGTGGCTTACACGGACATCAAAGTGATTGGCAATG,AUUGCCAAUCACUUUGAUG,54.90636997
NM_019884,757,775,738,794,ACAGTGTACCGGGTGGCCCGCCACTTCACCAAGGCCAAGTTGACCATCCCTATCCTC,AGGAUAGGGAUGGUCAACU,29.61985085
NM_019884,1003,1021,984,1040,CGCTACTACCGGGCCCCAGAGCTCATCTTTGGAGCCACTGATTACACCTCATCCATC,AUGGAUGAGGUGUAAUCAG,21.80832229
NM_019884,1435,1453,1416,1472,GCTGGTGAACTCTCCATCCAACCGTCTCTCAACGCCATTCTCATCCCTCCTCACTTG,AAGUGAGGAGGGAUGAGAA,15.98553153
NM_019884,1674,1692,1655,1711,TAGCCCATCAAGCTCCTGCCCTGGCTGGGCCCCTAGACTAGAGGGCAGAGGTAAATG,AUUUACCUCUGCCCUCUAG,24.82451282
NM_002093,309,327,290,346,GCCGCTGCCTGGGGTCTGAAGGGAGCTGCCTCCGCCACCGCCATGGCCGCTGGATCC,UUGUCUCUGCUAACUUUCA,22.16357962
NM_002093,537,555,518,574,CGAGCCACCCCCTCCCTCCCTCTCCCTCCCTCCTACCCATCCCCCTTTCTCTTCAAG,UUACAGUGAUCUAGCUUUC,30.1874061
NM_002093,870,888,851,907,ATAGTATACAAAAGGAGTGAAAAGCCAAGAGGACGAAGTCTTTTTCTTTTTCTTCTG,GAACAGAUAUACGAAACAU,91.49292561
NM_002093,1069,1087,1050,1106,AGCTGCAAGCCGGTGCAGCAGCCTTCAGCTTTTGGCAGCATGAAAGTTAGCAGAGAC,GUUCAUUUCUCUGAUUUGC,21.87035434
NM_002093,1564,1582,1545,1601,TGCCATCGGGATATTAAACCGCAGAACCTCTTGTTGGATCCTGATACTGCTGTATTA,CUCAAGUAACUGGUGGUUU,52.19746858
NM_000875,401,419,382,438,AGTGCTGAGCGCGGCGCGGCCGGCCCGCCGCTTTGTGTGTGTCCTGGATTTGGGAAG,AGAUUGGUCAUCUCGAAGA,93.0725657
NM_000875,1001,1019,982,1038,CTTTTCTTTTTTTTTTTTTTTTTTTTTTTTGAGAAAGGGGAATTTCATCCCAAATAA,UCACAAGGGAUGCAGUACA,25.27865978
NM_000875,1742,1760,1723,1779,ACAATGAGTGCTGCCACCCCGAGTGCCTGGGCAGCTGCAGCGCGCCTGACAACGACA,UUCAGCCCAUGUAGUAAGA,100.0
NM_000875,2613,2631,2594,2650,CAGGGATCTCATCAGCTTCACCGTTTACTACAAGGAAGCACCCTTTAAGAATGTCAC,AAUCAAUCCAUUGGGAUUC,25.29908978
NM_000875,4310,4328,4291,4347,CACGGGGCGATCTCAAAAGTTATCTCCGGTCTCTGAGGCCAGAAATGGAGAATAATC,AGGAACAUCCCAAAUGUGU,33.67682279
NM_005544,1098,1116,1079,1135,CAGCATGGCGAGCCCTCCGGAGAGCGATGGCTTCTCGGACGTGCGCAAGGTGGGCTA,CAGUACGAAGAAGCGUUUG,100.0
NM_005544,2574,2592,2555,2611,CCACCGCTGCACCCCAGGAACAGGCTTGGGCACGAGTCCAGCCTTGGCTGGGGATGA,UCUCUUUCGGAACCGAUUA,51.37774095
NM_005544,2955,2973,2936,2992,GGTGGCCCCAGTGCCCAGTGGCCGAAAGGGCAGTGGAGACTATATGCCCATGAGCCC,UCUGAUGGGAUUGAUGAUC,56.91366905
NM_005544,3315,3333,3296,3352,GGGGGACTCCAACACCAGCAGCCCCTCCGACTGCTACTACGGCCCTGAGGACCCCCA,AAAGGAUCUUGGCAAUGAG,48.40004761
NM_005544,4770,4788,4751,4807,TGAGGATTTAAGCGCCTATGCCAGCATCAGTTTCCAGAAGCAGCCAGAGGACCGTCA,GUCAUUUAGGUCUUCAUUC,42.39138843
NM_006218,226,244,207,263,CCGATGCGGTTAGAGCCGCGGAGCCTGGAAGAGCCCCGAGCGTTTCTGCTTTGGGAC,UCCAUUUGGUAGUAAACAU,22.01910603
NM_006218,841,859,822,878,TATCCTCCAAATGTAGAATCTTCACCAGAATTGCCAAAGCACATATATAATAAATTA,UAGCAACAUACUUCGAGUU,74.57403364
NM_006218,1477,1495,1458,1514,TCCAATCCCAGGTGGAATGAATGGCTGAATTATGATATATACATTCCTGATCTTCCT,CCAAAGAUUCAAAGCCAUU,100.0
NM_006218,2117,2135,2098,2154,CAATCAAACCTGAACAGGCTATGGAACTTCTGGACTGTAATTACCCAGATCCTATGG,UAGUCAAUGCUUUCUUCAG,30.94491223
NM_006218,3382,3400,3363,3419,CAATCTTTTGATGACATTGCATACATTCGAAAGACCCTAGCCTTAGATAAAACTGAG,AAUCCAGAGUGAGCUUUCA,28.91311804
NM_002953,346,364,327,383,AGGCTGATCCATCCCATTTCGAGCTCCTCAAGGTTCTGGGCCAGGGATCCTTTGGCA,AACCUUGAGGAGCUCGAAA,39.5651468
NM_002953,711,729,692,748,CTGCACAGCCTGGGTATCATTTACAGAGACCTCAAGCCTGAGAACATCCTTCTGGAT,UUGAGGUCUCUGUAAAUGA,64.4222083
NM_002953,1117,1135,1098,1154,AGGAAATCAAGCGGCATGTCTTCTACTCCACCATTGACTGGAATAAGCTATACCGTC,AAUGGUGGAGUAGAAGACA,53.76528367
NM_002953,1537,1555,1518,1574,AGCGGGATCCTTCAGAAGAGATTGAGATTCTTCTGCGGTATGGCCAGCACCCCAACA,CAGAAGAAUCUCAAUCUCU,62.7497697
NM_002953,2617,2635,2598,2654,CTTTTTTTTATGAAAAAAATGGCATCAACCACCATGGATTTTTACAAGATCCATTTG,AUGGUGGUUGAUGCCAUUU,31.56006511
NM_004586,69,87,50,106,GCGCGCGGGCGTCTCTGGCCAGGCGCGCGGCTTTCGGGCGGTCGGCGTCGGCGTCGA,CAUAAUUUGCUGUCCAUUC,31.46965678
NM_004586,499,517,480,536,TTGAACTTTTAAAAGTATTAGGGCAGGGATCATTTGGAAAGGTTTTCTTAGTTAAAA,AGAAUUUGACAUCUUCUUC,20.37713349
NM_004586,985,1003,966,1022,GAACTGTGGAGTATATGGCTCCAGAAGTAGTTAATCGTCGAGGTCATACTCAGAGTG,GUUUAUUCCAGUCUAUCGU,29.2857517
NM_004586,1365,1383,1346,1402,TTTGATCCTGAGTTTACTGCAAAAACTCCCAAAGATTCACCTGGCATTCCACCTAGT,UGUUGGGUCUCUCUUGCUU,100.0
NM_004586,2240,2258,2221,2277,TTCAGACACAGCAAAGGACCTGGTGTCAAAGATGCTTCATGTAGACCCTCATCAGAG,UACACCAUGGUACCAAAUA,100.0
XM_043865,95,113,76,132,TATGATTATAAAAAGGAAAGAGAAGAAGATATTGACTTGCACTTGGGTGACATATTG,AAGUCAAUAUCUUCUUCUC,33.44450355
XM_043865,520,538,501,557,GAGCTCCAGCAACCTGGCAGAATTACGACAGCTTCTTGATTGTGATACACCCTCCGT,CAAGAAGCUGUCGUAAUUC,49.04891171
XM_043865,989,1007,970,1026,AAACCACCAAAACCTACTACTGTAGCCAACAACGGTATGAATAACAATATGTCCTTA,AUACCGUUGUUGGCUACAG,27.5980558
XM_043865,1390,1408,1371,1427,AGCTGTAGGGAAAAAATTACATGAATATAACACTCAGTTTCAAGAAAAAAGTCGAGA,ACUGAGUGUUAUAUUCAUG,70.58112394
XM_043865,2234,2252,2215,2271,TGAAGCGCTTACTCTTTGATCCTTCTCCTGAAGTTCAGCCACCCTGAGGCCTCTGGA,CUGAACUUCAGGAGAAGGA,30.34348225
NM_005027,1516,1534,1497,1553,AGTCCTGGCCAATGGAGGGAGCCCACCCTCCCTGCAGGATGCTGAGTGGTACTGGGG,UUCACCUCCUCCCUUGAAA,48.38649417
NM_005027,1636,1654,1617,1673,CCGAGATGCTTCTAGCAAGATCCAGGGCGAGTACACGCTGACCCTCAGGAAAGGCGG,AAGACCUUGAUCAGCUUAU,48.71259643
NM_005027,1792,1810,1773,1829,CCACGAGTCTCTGGCCCAGTACAATGCCAAGCTGGACACACGGCTCCTCTACCCTGT,AUCUGGUCCUGCUGGUAUU,72.56412348
NM_005027,1937,1955,1918,1974,GACAAGAGCCGCGAGTATGACCAGCTTTATGAAGAGTACACACGGACCTCCCAGGAG,AAUUGCAGUACGCUUCAUC,40.1890309
NM_005027,2059,2077,2040,2096,CCAGACTCAAGAGAAATGCAGCAAGGAATACCTGGAGCGCTTCCGGCGTGAGGGCAA,AGGAUCCUUUGCAUCUCUU,41.13517415
NM_002613,651,669,632,688,CTGTACCCGATTTTACACGGCTGAGATTGTGTCTGCTTTAGAGTACTTGCACGGCAA,UCAUCGAAUGAACCGAUUU,59.48475408
NM_002613,774,792,755,811,CACAGATTTTGGAACAGCAAAAGTCTTATCCCCAGAGAGCAAACAAGCCAGGGCCAA,UGGAUGUGCAUAUCUUCAU,48.65693136
NM_002613,1009,1027,990,1046,GACTTTCCAGAAAAATTCTTCCCTAAGGCAAGAGACCTCGTGGAGAAACTTTTGGTT,UUCCAACUUAAUGAUCUUC,44.19578702
NM_002613,1365,1383,1346,1402,TCTGGACTCGAACTCCTTTGAACTGGACTTACAGTTTTCCGAAGATGAGAAGAGGTT,UGAAUGUACUGCUCUAUGU,25.96980695
NM_002613,1525,1543,1506,1562,AGACGACGACAGCTGTTGCTCACAGAAGGACCACATTTATATTATGTGGATCCTGTC,AAAUAAACCCUUCCGCUUA,33.98839575
NM_000314,1088,1106,1069,1125,ATTATGACACCGCCAAATTTAATTGCAGAGTTGCACAATATCCTTTTGAAGACCATA,CAAGUCUAAGUCGAAUCCA,44.63896588
NM_000314,1350,1368,1331,1387,CAAAAAGGGAGTAACTATTCCCAGTCAGAGGCGCTATGTGTATTATTATAGCTACCT,UUAGCCAUUGGUCAAGAUC,23.1761223
NM_000314,1562,1580,1543,1599,GACGGGAAGACAAGTTCATGTACTTTGAGTTCCCTCAGCCGTTACCTGTGTGTGGTG,CUUUAACAGGUAGCUAUAA,89.04366037
NM_000314,1784,1802,1765,1821,AGCGTGCAGATAATGACAAGGAATATCTAGTACTTACTTTAACAAAAAATGATCTTG,GAAGAACUCUACUUUGAUA,100.0
NM_000314,2323,2341,2304,2360,AATTCAATTAGGATTAATAAAGATGGCACTTTCCCGTTTTATTCCAGTTTTATAAAA,AUCUGACACAAUGUCCUAU,81.56059439
NM_001010,102,120,83,139,ACTCATTGAAGTGGACGATGAACGCAAACTTCGTACTTTCTATGAGAAGCGTATGGC,AGUACGAAGUUUGCGUUCA,21.22610457
NM_001010,111,129,92,148,AGTGGACGATGAACGCAAACTTCGTACTTTCTATGAGAAGCGTATGGCCACAGAAGT,CUCAUAGAAAGUACGAAGU,61.91359238
NM_001010,119,137,100,156,ATGAACGCAAACTTCGTACTTTCTATGAGAAGCGTATGGCCACAGAAGTTGCTGCTG,AUACGCUUCUCAUAGAAAG,25.65168957
NM_001010,325,343,306,362,ACTGGAGAAAGAAAGAGAAAATCAGTTCGTGGTTGCATTGTGGATGCAAATCTGAGC,UGCAACCACGAACUGAUUU,34.25511171
NM_001010,357,375,338,394,TTGCATTGTGGATGCAAATCTGAGCGTTCTCAACTTGGTTATTGTAAAAAAAGGAGA,CAAGUUGAGAACGCUCAGA,54.11082174
NM_000368,340,358,321,377,CTGACCGTGGCCCTATGCTTGTAAACACCTTGGTGGATTATTACCTGGAAACCAGCT,ACCAAGGUGUUUACAAGCA,45.63218583
NM_000368,972,990,953,1009,AGGTGGAAGAGATTAGAAACTCATGATGTTGTGATCGAGTGTGCCAAAATCTCTCTG,UCACAACAUCAUGAGUUUC,38.84499566
NM_000368,1652,1670,1633,1689,TATTGAAAAAGATAAAGAAGAAGCTGCAATATCTAGAGAACTTTCTGAGATCACCAC,AGAUAUUGCAGCUUCUUCU,43.63555503
NM_000368,2417,2435,2398,2454,AGCTCTGGAGGAACATAATGCTGCCATGAAAGATCAGTTGAAGTTACAAGAGAAGGA,AUCUUUCAUGGCAGCAUUA,72.01163874
NM_000368,3077,3095,3058,3114,GTATGAGGCTCAGAAAAGGATAACCCAGGTGTTTGAATTGGAGATCTTAGATTTATA,AAACACCUGGGUUAUCCUU,24.53475492
NM_000548,119,137,100,156,CCTGGTCCACCATGGCCAAACCAACAAGCAAAGATTCAGGCTTGAAGGAGAAGTTTA,AUGAUAAACUCCGUCUGUU,46.87805262
NM_000548,1442,1460,1423,1479,AGGACGGCTGGATTCAGAACCTGCAGGCGCTGATGGAGAGATTCTTCAGGAGCGAGT,UCAUAGAACUGCCUGUUGA,38.66286084
NM_000548,2332,2350,2313,2369,TCTGCTCTCTGCTCCATGCTTTCAGGCCCAAAGACACTGGAGCGGCTCCGAGGCGCC,UAUGGUAAGAGAUUAAUGC,31.24717669
NM_000548,4583,4601,4564,4620,CAGCCTCCAATGCAGAGAAAGTGCCAGGCATCAACCCCAGTTTCGTGTTCCTGCAGC,UCAAAGGACUGUGACUCAU,49.31827694
NM_000548,5524,5542,5505,5561,TCGGTGGAGGACTTCACCGAGTTTGTGTGAGGCCGGGGCCCTCCCTCCTGCACTGGC,CAAUCUGUGCCUCUAUGUC,86.35386647
U47298,8,26,1,45,GGTACCGAGCTCTTACGCGTGCTAGCCCGGGCTCGAGATCTGCGA,UUCUUUAUGUUUUUGGCGU,4.5801527
U47298,1087,1105,1068,1124,CTTAATGTATAGATTTGAAGAAGAGCTGTTTCTGAGGAGCCTTCAGGATTACAAGAT,AAAAUGGAACAACUUUACC,4.9618321
U47298,1077,1095,1058,1114,TTCGAGTCGTCTTAATGTATAGATTTGAAGAAGAGCTGTTTCTGAGGAGCCTTCAGG,AACUUUACCGACCGCGCCC,6.4885496
U47298,38,56,19,75,GTGCTAGCCCGGGCTCGAGATCTGCGATCTGCATCTCAATTAGTCAGCAACCATAGT,UCUUCCAGCGGAUAGAAUG,6.4885496
U47298,32,50,13,69,TTACGCGTGCTAGCCCGGGCTCGAGATCTGCGATCTGCATCTCAATTAGTCAGCAAC,AGCGGAUAGAAUGGCGCCG,45.8015267
U47298,1066,1084,1047,1103,GATATGTGGATTTCGAGTCGTCTTAATGTATAGATTTGAAGAAGAGCTGTTTCTGAG,CCGCGCCCGGUUUAUCAUC,46.9465649
U47298,1443,1461,1424,1480,TGGGCGTTAATCAAAGAGGCGAACTGTGTGTGAGAGGTCCTATGATTATGTCCGGTT,CAAAACAACAACGGCGGCG,49.6183206
U47298,1441,1459,1422,1478,GCTGGGCGTTAATCAAAGAGGCGAACTGTGTGTGAGAGGTCCTATGATTATGTCCGG,AAACAACAACGGCGGCGGG,57.2519084
U47298,56,74,37,93,GATCTGCGATCTGCATCTCAATTAGTCAGCAACCATAGTCCCGCCCCTAACTCCGCC,UGCUCUCCAGCGGUUCCAU,64.8854962
U47298,44,62,25,81,GCCCGGGCTCGAGATCTGCGATCTGCATCTCAATTAGTCAGCAACCATAGTCCCGCC,GUUCCAUCUUCCAGCGGAU,76.7175573
U47298,26,44,7,63,GAGCTCTTACGCGTGCTAGCCCGGGCTCGAGATCTGCGATCTGCATCTCAATTAGTC,UAGAAUGGCGCCGGGCCUU,77.480916
U47298,50,68,31,87,GCTCGAGATCTGCGATCTGCATCTCAATTAGTCAGCAACCATAGTCCCGCCCCTAAC,CCAGCGGUUCCAUCUUCCA,83.9694656
U47298,1432,1450,1413,1469,CGGGAAAACGCTGGGCGTTAATCAAAGAGGCGAACTGTGTGTGAGAGGTCCTATGAT,CGGCGGCGGGAAGUUCACC,86.259542
U47298,14,32,1,51,GGTACCGAGCTCTTACGCGTGCTAGCCCGGGCTCGAGATCTGCGATCTGCA,GGGCCUUUCUUUAUGUUUU,88.9312977
U47298,20,38,1,57,GGTACCGAGCTCTTACGCGTGCTAGCCCGGGCTCGAGATCTGCGATCTGCATCTCAA,GGCGCCGGGCCUUUCUUUA,93.8931298
U47298,7,25,1,44,GGTACCGAGCTCTTACGCGTGCTAGCCCGGGCTCGAGATCTGCG,UCUUUAUGUUUUUGGCGUC,7.6335878
U47298,186,204,167,223,GAGGCCGAGGCCGCCTCGGCCTCTGAGCTATTCCAGAAGTAGTGAGGAGGCTTTTTT,UUUCAUAGCUUCUGCCAAC,7.2519084
U47298,274,292,255,311,TTCCGGTACTGTTGGTAAAGCCACCATGGAAGACGCCAAAAACATAAAGAAAGGCCC,UAAAUAACGCGCCCAACAC,8.3969466
U47298,311,329,292,348,AAAAACATAAAGAAAGGCCCGGCGCCATTCTATCCGCTGGAAGATGGAACCGCTGGA,UUAUAAAUGUCGUUCGCGG,5.3435115
U47298,430,448,411,467,TGCACATATCGAGGTGGACATCACTTACGCTGAGTACTTCGAAATGTCCGTTCGGTT,UAAUUUUUUGGAUGAUUGG,2.6717557
U47298,517,535,498,554,TACAAATCACAGAATCGTCGTATGCAGTGAAAACTCTCTTCAATTCTTTATGCCGGT,AUUCAUUAAAACCGGGAGG,26.7175573
U47298,660,678,641,697,CGCAGCCTACCGTGGTGTTCGTTTCCAAAAAGGGGTTGCAAAAAATTTTGAACGTGC,AAUAGGAUCUCUGGCAUGC,6.1068702
U47298,697,715,678,734,GCAAAAAATTTTGAACGTGCAAAAAAAGCTCCCAATCATCCAAAAAATTATTATCAT,UUAAAAUCGCAGUAUCCGG,3.8167939
U47298,736,754,717,773,CCAAAAAATTATTATCATGGATTCTAAAACGGATTACCAGGGATTTCAGTCGATGTA,UAGUAAACAUUCCAAAACC,7.2519084
U47298,776,794,757,813,GGATTTCAGTCGATGTACACGTTCGTCACATCTCATCTACCTCCCGGTTTTAATGAA,AUUAAGACGACUCGAAAUC,1.5267176
U47298,893,911,874,930,TCTGGATCTACTGGTCTGCCTAAAGGTGTCGCTCTGCCTCATAGAACTGCCTGCGTG,UAUUUGUCAAUCAGAGUGC,4.9618321
U47298,906,924,887,943,GTCTGCCTAAAGGTGTCGCTCTGCCTCATAGAACTGCCTGCGTGAGATTCTCGCATG,AUUAGAUAAAUCGUAUUUG,11.8320611
U47298,1188,1206,1169,1225,AAAGCACTCTGATTGACAAATACGATTTATCTAATTTACACGAAATTGCTTCTGGTG,UACAUAACCGGACAUAAUC,3.0534351
U47298,1310,1328,1291,1347,CAAGGATATGGGCTCACTGAGACTACATCAGCTATTCTGATTACACCCGAGGGGGAT,UUAAUCAGAGACUUCAGGC,4.9618321
U47298,16,34,1,53,GGTACCGAGCTCTTACGCGTGCTAGCCCGGGCTCGAGATCTGCGATCTGCATC,CCGGGCCUUUCUUUAUGUU,93.5114504
U47298,267,285,248,304,CTTGGCATTCCGGTACTGTTGGTAAAGCCACCATGGAAGACGCCAAAAACATAAAGA,CGCGCCCAACACCGGCAUA,81.2977099
U47298,297,315,278,334,CCATGGAAGACGCCAAAAACATAAAGAAAGGCCCGGCGCCATTCTATCCGCTGGAAG,CGCGGGCGCAACUGCAACU,63.740458
U47298,413,431,394,450,ACAATTGCTTTTACAGATGCACATATCGAGGTGGACATCACTTACGCTGAGTACTTC,GGGAGCUUUUUUUGCACGU,70.610687
U47298,1046,1064,1027,1083,TTTACTACACTCGGATATTTGATATGTGGATTTCGAGTCGTCTTAATGTATAGATTT,CCCUCGGGUGUAAUCAGAA,90.4580153
M16553,158,176,139,195,CTCGGCTGGGTCTTCGCCCAGGTGGCCGGCGCTTCAGGCACTACAAATACTGTGGCA,CCUGAAGCGCCGGCCACCU,75.0
M16553,161,179,142,198,GGCTGGGTCTTCGCCCAGGTGGCCGGCGCTTCAGGCACTACAAATACTGTGGCAGCA,GUGCCUGAAGCGCCGGCCA,77.0
M16553,164,182,145,201,TGGGTCTTCGCCCAGGTGGCCGGCGCTTCAGGCACTACAAATACTGTGGCAGCATAT,GUAGUGCCUGAAGCGCCGG,45.0
M16553,170,188,151,207,TTCGCCCAGGTGGCCGGCGCTTCAGGCACTACAAATACTGTGGCAGCATATAATTTA,GUAUUUGUAGUGCCUGAAG,41.0
M16553,173,191,154,210,GCCCAGGTGGCCGGCGCTTCAGGCACTACAAATACTGTGGCAGCATATAATTTAACT,ACAGUAUUUGUAGUGCCUG,32.0
M16553,176,194,157,213,CAGGTGGCCGGCGCTTCAGGCACTACAAATACTGTGGCAGCATATAATTTAACTTGG,GCCACAGUAUUUGUAGUGC,56.0
NM_001315,565,583,546,602,AAAAGAACCTACAGAGAACTGCGGTTACTTAAACATATGAAACATGAAAATGTGATT,AACCGCAGUUCUCUGUAGG,16.0
NM_001315,607,625,588,644,CATGAAAATGTGATTGGTCTGTTGGACGTTTTTACACCTGCAAGGTCTCTGGAGGAA,UCCAACAGACCAAUCACAU,10.0
NM_001315,763,781,744,800,TACCAAATTCTCCGAGGTCTAAAGTATATACATTCAGCTGACATAATTCACAGGGAC,UACUUUAGACCUCGGAGAA,10.0
NM_001315,799,817,780,836,GCTGACATAATTCACAGGGACCTAAAACCTAGTAATCTAGCTGTGAATGAAGACTGT,UUUAGGUCCCUGUGAAUUA,18.0
NM_001315,1314,1332,1295,1351,TGATGAACCAGTGGCCGATCCTTATGATCAGTCCTTTGAAAGCAGGGACCTCCTTAT,CAUAAGGAUCGGCCACUGG,20.0
NM_001315,1277,1295,1258,1314,TTGCACATGCCTACTTTGCTCAGTACCACGATCCTGATGATGAACCAGTGGCCGATC,GUACUGAGCAAAGUAGGCA,5.0
NM_001315,1395,1413,1376,1432,TGATGAAGTCATCAGCTTTGTGCCACCACCCCTTGACCAAGAAGAGATGGAGTCCTG,GUGGCACAAAGCUGAUGAC,5.0
NM_001315,1491,1509,1472,1528,AGGGGAAGGCCTTTTCACGGGAACTCTCCAAATATTATTCAAGTGCCTCTTGTTGCA,GAGUUCCCGUGAAAAGGCC,8.0
NM_000875,276,294,257,313,CGCCTCGCCTCGGCTGTGACCTTCAGCGAGCCGGAGCCCCCGCGCAGAGCAGGCGGC,CUCGGUAAUGACCGUGAGC,40.0
NM_000875,441,459,422,478,GTCCTGGATTTGGGAAGGAGCTCGCCGCGGCGGCGGCGGCGCTGAGGGAGGAGGCGG,CCGAGUAAUGUUCCUCAGG,120.0
NM_000875,483,501,464,520,TGAGGGAGGAGGCGGCGGCGAGCGGAGCCAGGAGGAGGAGGAGGAGGGGGAGCCGCT,GAGGUAACAGAGGUCAGCA,57.0
NM_000875,777,795,758,814,ACGCCGACAGCCCGCCCCGGCGCGCCTCGGGTTCCCGACTCCGCCGAGCCCTGGGCC,AGCUACACAGGCCGUGUCG,42.0
NM_000875,3378,3396,3359,3415,GACAGAGTACCCTTTCTTTGAGAGCAGAGTGGATAACAAGGAGAGAACTGTCATTTC,UCCGGCCAUCUGAAUCAUC,70.0
NM_000875,1326,1344,1307,1363,CCGAGTGGCTGGCCTCGAGAGCCTCGGAGACCTCTTCCCCAACCTCACGGTCATCCG,GUCCCACAGUUGCUGCAAG,20.0
NM_000875,351,369,332,388,GGGGGCCGGCGCGGGGCGGGCGGCGGCGCAGAGCCGGGCGGCGCGGCGGGAGTGCTG,GCCGCGGAUGACCGUGAGG,120.0
NM_000875,387,405,368,424,GGCGGCGCGGCGGGAGTGCTGAGCGCGGCGCGGCCGGCCCGCCGCTTTGTGTGTGTC,GAAGAUGACCAGGGCGUAG,70.0
NM_000875,417,435,398,454,CGGCCGGCCCGCCGCTTTGTGTGTGTCCTGGATTTGGGAAGGAGCTCGCCGCGGCGG,AAGCCCAAUAUCCUUGAGA,50.0
NM_000875,423,441,404,460,GCCCGCCGCTTTGTGTGTGTCCTGGATTTGGGAAGGAGCTCGCCGCGGCGGCGGCGG,GUUGUAAAGCCCAAUAUCC,30.0
NM_000875,450,468,431,487,TTGGGAAGGAGCTCGCCGCGGCGGCGGCGGCGCTGAGGGAGGAGGCGGCGGCGAGCG,GAUGGCCCCCCGAGUAAUG,40.0
NM_000875,481,499,462,518,GCTGAGGGAGGAGGCGGCGGCGAGCGGAGCCAGGAGGAGGAGGAGGAGGGGGAGCCG,GGUAACAGAGGUCAGCAUU,40.0
NM_000875,285,303,266,322,TCGGCTGTGACCTTCAGCGAGCCGGAGCCCCCGCGCAGAGCAGGCGGCGGCGGGCGG,CAGCAAGUACUCGGUAAUG,60.0
NM_000875,297,315,278,334,TTCAGCGAGCCGGAGCCCCCGCGCAGAGCAGGCGGCGGCGGGCGGGGGCCGGGCGGG,CACUCGGAACAGCAGCAAG,70.0
NM_000875,308,326,289,345,GGAGCCCCCGCGCAGAGCAGGCGGCGGCGGGCGGGGGCCGGGCGGGGGCCGGCGCGG,UCGAGGCCAGCCACUCGGA,50.0
NM_000875,319,337,300,356,GCAGAGCAGGCGGCGGCGGGCGGGGGCCGGGCGGGGGCCGGCGCGGGGCGGGCGGCG,CUCCGAGGCUCUCGAGGCC,40.0
M25346,52,70,33,89,CTGGGACATCGCCGCCCTCCAGATCCTCGTGGAGGAGGCGGGCGGCGTCTGCACCGA,UGGGCUUGUACUCGGUCAU,62.8
M25346,79,97,60,116,CGTGGAGGAGGCGGGCGGCGTCTGCACCGACCTGCTCGGCGGCTCGCCCCAGCGCGG,CGUCGUCGCGGGUGGCGAG,11.4
M25346,156,174,137,193,ACCCGGAGCTGCACCGGCTCGCCGTGGAGGCCCTCGCCGCCCCCGCGGCCGCCACGA,GCGGUCCGGGUCGACGGUG,13.1
M25346,202,220,183,239,GGCCGCCACGACCGGTGCCGCCACCATCCCCTGACCCACGCCCCTGACCCCTCACAA,CGCGCGUGAGGAAGAGUUC,20.5
M25346,240,258,221,277,CGCCCCTGACCCCTCACAAGGAGACGACCTTCCATGACCGAGTACAAGCCCACGGTG,GUCGUCCGCGACCCACACC,15.4
M25346,373,391,354,410,GCCACACCGTCGACCCGGACCGCCACATCGAGCGGGTCACCGAGCTGCAAGAACTCT,CCAGGAGGCCUUCCAUCUG,75.2
M25346,408,426,389,445,GTCACCGAGCTGCAAGAACTCTTCCTCACGCGCGTCGGGCTCGACATCGGCAAGGTG,CAGGAACCACGCGGGCUCC,54.9
M25346,462,480,443,499,GTGTGGGTCGCGGACGACGGCGCCGCGGTGGCGGTCTGGACCACGCCGGAGAGCGTC,GACGGCGCUGCCCAGACCC,59.5
M25346,552,570,533,589,CGCATGGCCGAGTTGAGCGGTTCCCGGCTGGCCGCGCAGCAACAGATGGAAGGCCTC,CCGCUCGUAGAAGGGGAGG,63.2
M25346,639,657,620,676,TGGTTCCTGGCCACCGTCGGCGTCTCGCCCGACCACCAGGGCAAGGGTCTGGGCAGC,CGGGCGUCAGGCACCGGGC,21.8
AF493916,1,19,1,38,ATGACGGAATATAAGCTGGTGGTGGTGGGCGCCGGCGG,CCAGCUUAUAUUCCGUCAU,36.8
AF493916,25,43,6,62,GGAATATAAGCTGGTGGTGGTGGGCGCCGGCGGTGTGGGCAAGAGTGCGCTGACCAT,CCACACCGCCGGCGCCCAC,18.3
AF493916,94,112,75,131,GAACCATTTTGTGGACGAATACGACCCCACTATAGAGGATTCCTACCGGAAGCAGGT,CCUCUAUAGUGGGGUCGUA,21.4
AF493916,182,200,163,219,ATCCTGGATACCGCCGGCCAGGAGGAGTACAGCGCCATGCGGGACCAGTACATGCGC,AUGGCGCUGUACUCCUCCU,12.2
AF493916,255,273,236,292,TGTGTGTGTTTGCCATCAACAACACCAAGTCTTTTGAGGACATCCACCAGTACAGGG,CUCAAAAGACUUGGUGUUG,29.5
AF493916,312,330,293,349,AGCAGATCAAACGGGTGAAGGACTCGGATGACGTGCCCATGGTGCTGGTGGGGAACA,GGGCACGUCAUCCGAGUCC,54.7
AF493916,379,397,360,416,GGCTGCACGCACTGTGGAATCTCGGCAGGCTCAGGACCTCGCCCGAAGCTACGGCAT,GGUCCUGAGCCUGCCGAGA,76.4
AF493916,441,459,422,478,ACATCGAGACCTCGGCCAAGACCCGGCAGGGAGTGGAGGATGCCTTCTACACGTTGG,CUCCACUCCCUGCCGGGUC,63.2
AF493916,501,519,482,538,GTGAGATCCGGCAGCACAAGCTGCGGAAGCTGAACCCTCCTGATGAGAGTGGCCCCG,AGGGUUCAGCUUCCGCAGC,25.8
AF493916,552,570,533,589,GCCCCGGCTGCATGAGCTGCAAGTGTGTGCTCTCCTGA,UCAGGAGAGCACACACUUG,17.9
NM_000321,333,351,314,370,AAACAGAAGAACCTGATTTTACTGCATTATGTCAGAAATTAAAGATACCAGATCATG,UCUGACAUGAUCUGGUAUC,0.0
NM_000321,568,586,549,605,TAAATTCTTTAACTTACTAAAAGAAATTGATACCAGTACCAAAGTTGATAATGCTAT,UUGACAUAGCAUUAUCAAC,11.0
NM_000321,667,685,648,704,CAGCAAATTGGAAAGGACATGTGAACTTATATATTTGACACAACCCAGCAGTTCGAT,UAGAUAUCGAACUGCUGGG,5.0
NM_000321,822,840,803,859,TTTCATTTCAGTTAATGCTATGTGTCCTTGACTATTTTATTAAACTCTCACCTCCCA,CAACAUGGGAGGUGAGAGU,34.0
NM_000321,893,911,874,930,CCATATAAAACAGCTGTTATACCCATTAATGGTTCACCTCGAACACCCAGGCGAGGT,UUCUGACCUCGCCUGGGUG,22.0
AK122643,667,685,648,704,AGAAAGGATACTTGCAGAAGGAGGTGACAGACCACATGGTGAGTTTGGCTTGCTCGG,CAUGUGGUCUGUCACCUCC,49.0
AK122643,1087,1105,1068,1124,AGCAGCCCGAGACCTCCAATATGTCCATCTGTACCAACCTCTCCAGCCGCTGGACCG,GUUGGUACAGAUGGACAUA,80.0
AK122643,1366,1384,1347,1403,CCGTATGCTGGATGCCCAACCAGATTCGGAGGATCATGGCTGCGGCCAAACCCAAGC,CAUGAUCCUCCGAAUCUGG,52.0
AK122643,1396,1414,1377,1433,GGATCATGGCTGCGGCCAAACCCAAGCACGACTGGACGAGGTCCTACTTCCGGGCGT,CGUCCAGUCGUGCUUGGGU,110.0
AK122643,1489,1507,1470,1526,ACCTCAGCTCGGTCATCAACCCGCTCCTGTACACGGTGTCCTCGCAGCAGTTTCGGC,CACCGUGUACAGGAGCGGG,64.0
AK122643,1677,1695,1658,1714,CGGCGCCAGTCCTCTGCAAGGAGAACTGAGAAGATTTTCTTAAGCACTTTTCAGAGC,AAAAUCUUCUCAGUUCUCC,53.0
AK122643,1701,1719,1682,1738,ACTGAGAAGATTTTCTTAAGCACTTTTCAGAGCGAGGCCGAGCCCCAGTCTAAGTCC,GCCUCGCUCUGAAAAGUGC,86.0
AK122643,1735,1753,1716,1772,AGGCCGAGCCCCAGTCTAAGTCCCAGTCATTGAGTCTCGAGTCACTAGAGCCCAACT,GAGACUCAAUGACUGGGAC,85.0
AK122643,1792,1810,1773,1829,CAGGCGCGAAACCAGCCAATTCTGCTGCAGAGAATGGTTTTCAGGAGCATGAAGTTT,ACCAUUCUCUGCAGCAGAA,78.0
AK122643,1833,1851,1814,1870,CAGGAGCATGAAGTTTGAATGTCAAGCGAGGGAGCCTTGAGTGGGAACTGGCCCTCC,AAGGCUCCCUCGCUUGACA,23.0
AK122643,1933,1951,1914,1970,GCCCCCATCAGGGATGGAATGGACACTGGAGGCTTTACAAAAGGCAGATGCCCACCT,GUAAAGCCUCCAGUGUCCA,46.0
AK122643,2038,2056,2019,2075,ACACAGACATGGGGGTGAACTTTCACTCCACCTCCTTCCTTCAAGTACATACTGAAA,GAAGGAGGUGGAGUGAAAG,59.0
AK122643,2103,2121,2084,2140,AAGCTGAATTTATTCAGAATGCTTTACCGAGCTCTTTCATTATTTGCACAGGAACAA,GAAAGAGCUCGGUAAAGCA,26.0
AK122643,2297,2315,2278,2334,GTGCCGAGAAGAGGGCTAATTTGAGGAACAGGATGGTGGTGCGGAGCCCTGGCCTGA,CACCAUCCUGUUCCUCAAA,87.0
NM_144586,361,379,342,398,CCAGTGCTACCAGTGTGAAGAATTCCAGCTGAACAACGACTGCTCCTCCCCCGAGTT,CGUUGUUCAGCUGGAAUUC,16.0
NM_144586,445,463,426,482,AGACATGTGTCAGAAAGAAGTGATGGAGCAAAGTGCCGGGATCATGTACCGCAAGTC,CGGCACUUUGCUCCAUCAC,55.0
NM_144586,555,573,536,592,GCTCCCCAGGGAAACTGAACTCAGTTTGCATCAGCTGCTGCAACACCCCTCTTTGTA,GCAGCUGAUGCAAACUGAG,24.0
NM_144586,672,690,653,709,CCACCATCCTGTTCCTCAAATTAGCCCTCTTCTCGGCACACTGCTGAAGCTGAAGGA,GUGCCGAGAAGAGGCUAAU,53.0
NM_144586,850,868,831,887,GTTCCTGTGCAAATAATGAAAGAGCTCGGTAAAGCATTCTGAATAAATTCAGCCTGA,AGAAUGCUUUACCGAGCUC,44.0
NM_144586,914,932,895,951,TTCAGTATGTACTTGAAGGAAGGAGGTGGAGTGAAAGTTCACCCCCATGTCTGTGTA,GAACUUUCACUCCACCUCC,34.0
NM_144586,929,947,910,966,AAGGAAGGAGGTGGAGTGAAAGTTCACCCCCATGTCTGTGTAACCGGAGTCAAGGCC,CACAGACAUGGGGGUGAAC,14.0
NM_144586,1021,1039,1002,1058,TGGGCATCTGCCTTTTGTAAAGCCTCCAGTGTCCATTCCATCCCTGATGGGGGCATA,UGGAAUGGACACUGGAGGC,58.0
NM_144586,1158,1176,1139,1195,CAAACTTCATGCTCCTGAAAACCATTCTCTGCAGCAGAATTGGCTGGTTTCGCGCCT,AUUCUGCUGCAGAGAAUGG,67.0
NM_144586,1176,1194,1157,1213,AAACCATTCTCTGCAGCAGAATTGGCTGGTTTCGCGCCTGAGTTGGGCTCTAGTGAC,CAGGCGCGAAACCAGCCAA,35.0
NM_144586,1276,1294,1257,1313,TCTGAAAAGTGCTTAAGAAAATCTTCTCAGTTCTCCTTGCAGAGGACTGGCGCCGGG,CAAGGGAGAACUGAGAAGA,63.0
NM_144586,1449,1467,1430,1486,TGCACGAACACCCGCCGAAACTGCTGCGAGGACACCGTGTACAGGAGCGGGTTGATG,CACGGUGUCCUCGCAGCAG,33.0
NM_144586,1599,1617,1580,1636,GCAGCCATGATCCTCCGAATCTGGTTGGGCATCCAGCATACGGCCAATGTCACAACA,AUGCUGGAUGCCCAACCAG,19.0
NM_144586,1634,1652,1615,1671,GCATACGGCCAATGTCACAACAATCAGCCCTGGGCAGACACGAGCAGGAGGGAGAGA,GUCUGCCCAGGGCUGAUUG,87.0
M33197,87,105,68,124,AGGTGAAGGTCGGAGTCAACGGATTTGGTCGTATTGGGCGCCTGGTCACCAGGGCTG,CCCAAUACGACCAAAUCCG,29.0
M33197,225,243,206,262,ATGATTCCACCCATGGCAAATTCCATGGCACCGTCAAGGCTGAGAACGGGAAGCTTG,CUUGACGGUGCCAUGGAAU,27.0
M33197,270,288,251,307,ACGGGAAGCTTGTCATCAATGGAAATCCCATCACCATCTTCCAGGAGCGAGATCCCT,GAUGGUGAUGGGAUUUCCA,59.0
M33197,477,495,458,514,TGGGTGTGAACCATGAGAAGTATGACAACAGCCTCAAGATCATCAGCAATGCCTCCT,CUUGAGGCUGUUGUCAUAC,15.0
M33197,495,513,476,532,AGTATGACAACAGCCTCAAGATCATCAGCAATGCCTCCTGCACCACCAACTGCTTAG,GGAGGCAUUGCUGAUGAUC,21.0
M33197,507,525,488,544,GCCTCAAGATCATCAGCAATGCCTCCTGCACCACCAACTGCTTAGCACCCCTGGCCA,GUUGGUGGUGCAGGAGGCA,56.0
M33197,577,595,558,614,CAACTTTGGTATCGTGGAAGGACTCATGACCACAGTCCATGCCATCACTGCCACCCA,GGACUGUGGUCAUGAGUCC,15.0
M33197,717,735,698,754,CTGCCAAGGCTGTGGGCAAGGTCATCCCTGAGCTGAACGGGAAGCTCACTGGCATGG,GUUCAGCUCAGGGAUGACC,26.0
M33197,837,855,818,874,CCAAATATGATGACATCAAGAAGGTGGTGAAGCAGGCGTCGGAGGGCCCCCTCAAGG,CGCCUGCUUCACCACCUUC,48.0
M33197,972,990,953,1009,GGGCTGGCATTGCCCTCAACGACCACTTTGTCAAGCTCATTTCCTGGTATGACAACG,GAGCUUGACAAAGUGGUCG,36.0
M33197,1008,1026,989,1045,TCATTTCCTGGTATGACAACGAATTTGGCTACAGCAACAGGGTGGTGGACCTCATGG,GUUGCUGUAGCCAAAUUCG,25.0
M33197,1095,1113,1076,1132,GGACCACCAGCCCCAGCAAGAGCACAAGAGGAAGAGAGAGACCCTCACTGCTGGGGA,CUCUCUUCCUCUUGUGCUC,53.0
